member_idx,여행지1,여행지2,여행지3,여행지4,여행지5,여행지6,여행지7,여행지8,여행지9,여행지10
1,Dębno,Alicia,Buzuluk,Trąbki,Sorochinsk,Checacupe,Werangere,Espinillo,Wanlongshan,Vila Nova de Santo André
2,Warburton,Bader,Padre Paraíso,Meiyao,Takanabe,Cidolog,Chengguan,Datarsitu,Hailin,Rumenka
3,Ilhabela,Jiangbei,Valença do Piauí,Guilmaro,Topi,Nakhon Chai Si,Hamburg,Maripa,Tampa,Zhongchao
4,Donskoy,San Bautista,Mino,Bombarral,Miao’ertan,Sakai,Åtvidaberg,Përmet,Ilongero,Pailitas
5,Wangren,Lyon,Intipucá,Cidahu,Kaset Sombun,Changling,Lycksele,Purwokerto,Troyes,Koungheul
6,Albina,Hữu Lũng,Aduo,Prince Edward,Idhnā,Novhorodka,Yisuhe,Mbala,Inhumas,Zaytā Jammā‘īn
7,Lunao,Longhua,Solna,Lodhrān,Šentilj v Slov. Goricah,Thị Trấn Cẩm Thủy,Nubl,Zherdevka,Velyki Sorochyntsi,Gugut
8,Verkh-Usugli,Pamotan,Fundong,Luopioinen,Datarnangka,Malausma Kidul,Penha,Crossmolina,Kokofata,Besançon
9,Tsuruga,Nossa Senhora da Glória,Rassvet,Chantepie,Nossa Senhora da Glória,Sanguansi,Severka,Sussex,Siquanpu,Ljutomer
10,Santa Monica,Baishui,Mollās̄ānī,Meshcherino,Paombong,Saihan Tal,Naawan,Khon Buri,Guzhan,Magangué
11,Białośliwie,Oleksandrivka,Shikhany,Cové,Timur,Kermānshāh,Ponggok,Lungaog,Bratslav,Dumingag
12,Binangun,Himi,Synevyr,Tagdanua,Khairpur,Xinshiba,Saltsjö-Boo,Shilong,Grand Rapids,Lyubeshiv
13,Puerto Montt,Yuanjiazhuang,Ea Drăng,Dongjin,Morbatoh,Cigeulis,Avellaneda,Peyima,San Pablo,Huangzhuang
14,Břasy,Sarapul,Bangad,Kawaguchi,San Miguel,Ivry-sur-Seine,Banghai,Várzea,Świlcza,Detchino
15,Belica,Gon’ba,Nazyvayevsk,San Fernando del Valle de Catamarca,Ishëm,Torez,Denver,Rodotópi,Pushchino,Larvik
16,El Fahs,San Miguel Chicaj,Jingdu,Íasmos,Kupu,Sant Julià de Lòria,Lianokládhion,Piojó,Casal dos Bernardos,Golek
17,Raydah,Siewierz,Masebewa,Autun,Tangkou,Novovarshavka,Pasadena,Batukuta,Denver,Pasolapida
18,Lowotukan,Česká Skalice,Outeiro,Batutulis,Izra‘,Mulifanua,Chengji,Vishnyakovskiye Dachi,Shuanghe,Jambuwerkrajan
19,Nato,San Luis,Pita,Kiambu,Balong,Ardirejo,Zhoukou,Waddān,Otyniya,Mansilingan
20,Cikadu,Tangkanpulit,Tangshan,Nowshahr,Louny,Göteborg,Chirpan,Houmen,Kuala Lumpur,Tyoply Stan
21,Panzhuang,San Pedro Jocopilas,Yemva,Bagdadi,Wojcieszków,Oklahoma City,Tawali,Wissous,Vrachnaíika,Toulouse
22,Leeds,Qorveh,Detusoko,Åtvidaberg,Saint-Denis,Tianxin,Ganzi,Bangekdewa,Maofan,Kishkenekol’
23,Kanada,Espinal,Copán,Youngstown,Logovskoye,Daniwato,Onega,Warwick,Kuroda,Maindang
24,Ngaliyan,Chenjiahe,Dongsheng,Pakapasan Girang,Kalkal Barat,Jiakexi,Remedios,Lalauigan,Dumbéa,Baiquesi
25,Unidos,San Juan,Rettikhovka,Mutā Khān,Grzęska,Gœsdorf,Rio Grande,Maglajani,Cambé,Malapaubhara
26,Voyskovitsy,Jutrosin,Adare,Al Bayḑā’,El Parco District,Las Trojes,Wañgan,Enköping,Águia Branca,Santa Catalina
27,Lahishyn,Idrinskoye,Mostovskoy,Roblin,Vilarinho da Castanheira,Tolitoli,Gersikputih Tengah,Pontarlier,Broto,Aotou
28,Valparaíso,Anchang,Hongtang,Jiangkou,Limache,San Isidro,Aragarças,Jāndiāla Sher Khān,La Palma,Paço
29,Châteauroux,Caraguatatuba,Czarne,Soutelo,Vale,Magnitka,Caála,Mostek,Himi,Salfīt
30,Gunziying,Mkushi,‘Abasān al Kabīrah,Sukaharja,Sypniewo,Tinambacan,Tiannan,North Cowichan,Argithéa,Bandundu
31,Seixezelo,Newark,Linjiang,Arboga,Karlstad,Norrköping,Sabanalarga,Zürich,Lamarosa,Culeng
32,Lerrnanist,Ovacik,Kajar,Nancun,Íos,Vigo,Karang Tengah,Lillehammer,Kawaliwu,Plei Kần
33,Khairpur Nathan Shāh,Blagoevgrad,Irahuan,Tempe,Ketanggungan,Golubinci,Sukowiryo,Huangdao,Pisz,Tcholliré
34,Junliangcheng,Sundsvall,Nunutba,Tarczyn,Quinua,Dawei,Selizharovo,Sūrān,Capioví,Tebanah
35,Dzhebariki-Khaya,Tadjoura,Waihi Beach,Tranca,Yambol,Gračec,Bieqiao,Puqi,Puerto Asís,Irkutsk
36,Pärnu,Toulon,Freetown,Jevíčko,Batasan,Magisterial,Naze,Whistler,Cilongkrangpusaka,Feyẕābād
37,Čair,Ashkāsham,La Romana,Tyarlevo,Hejiadong,Baiyang,Sukhinichi,Curug,Jingzi,Rudnik
38,Ostrogozhsk,Madrid,Kopychyntsi,Kap Choeng,Mushu,Sorochinsk,Sidi Moussa,Yuanbao,Kafr Zaytā,Obala
39,Paris 19,Podporozh’ye,Gendiwu,Kanbe,Monkstown,Kebon,Vodyane,Half Way Tree,Carvalhal da Aroeira,Shi’ao
40,Honglu,Cisalak,Wysoka,Perbaungan,Banjar Banyuning Barat,Usevia,Jetis,Murzuq,Hongguang,Jalingo
41,Haishan,San Bernardino,Goris,Real,‘Ubāl,Jingdezhen,Pacar,Juḩr ad Dīk,Eskilstuna,Santa Ana
42,Gulou,Caracol,Taipingzhuang,General Alvear,Airmolek,Juazeiro do Norte,Stockholm,Alpatovo,Somba,Dalheim
43,Marinilla,Yunfu,Akron,Hougong,Gugut,Ikoma,Zheshan,Zhangshui,Manlucahoc,Halteu
44,Bokhan,Boliney,Vitrolles,Sukogunungkrajan,Yushugou,Melaka,Mbaïki,Mene de Mauroa,Quezalguaque,Santa Rosa de Copán
45,Bida,Zolotyy Potik,Curuan,Gandong,Buritama,Santo Antônio de Posse,Ouango,Majdal Banī Fāḑil,Guaimaca,Chenfangji
46,Cungkal,Detusoko,Sitrah,Kozloduy,Clichy,Negreiros,Rakitnoye,Ourozinho,Sogamoso,Trakai
47,Zhaoyuan,Nanjiao,Mariefred,Kristinehamn,Cartago,Mugi,Thị Trấn Sìn Hồ,Radashkovichy,Abonnema,Phú Khương
48,Dumandesa,Saint-Étienne,Heping,Cuauhtemoc,Aughrim,Jianjun,Siak Sri Indrapura,Cieurih Satu,Kadaka,Ngrejo
49,Moba,Quinarayan,Pakel,Barreirinhas,Liangdong,Heping,Pirassununga,Presa,Laojie,Giesteira
50,Shicheng,Duishan,Semang,Jämsänkoski,Manuel Roxas,Masaran,Medvezh’yegorsk,Lagoa,Vasilikón,Ké-Macina
51,Batán,Yanas,Kediren,Pantijan No 2,Ninove,Dakhla,Mantalongon,Trompsburg,Sindang,Chendian
52,Vitória do Mearim,Noebana,Jiuguan,Évry,Sofrino,Garies,Rat Burana,Piła,Venezia,Hongshi
53,Paris 02,Sarnia,Tambopata,Xin’an,Dębów,Kalāleh,Xianxiang,Bangilan,København,Dubrava
54,Pakxong,Kuala Lumpur,Oepuah,Gulai,Baranoa,Shali,Jiangfang,Tianbao,Bagacay,Maputsoe
55,Mahong,‘Aşīrah ash Shamālīyah,Przecław,Taisen-ri,Afikpo,Cibojong,Pasadena,Punta Alta,Presidente Epitácio,G‘azalkent
56,Is,Quillabamba,El Pao,Gagarin,Jiujiang,Yitulihe,Fort Liberté,Kedungdowo,Ōtsuki,Podporozh’ye
57,Mankono,Fortuna,Obodivka,Adraskan,Yara,Povorino,Galovac,Sok Kwu Wan,Makarska,Alamar
58,Sabanalarga,Shuangshan,Ortiga,Dahedian,Khrenovoye,Dayuan,Volgodonsk,Dongfu,Ozherel’ye,Novouzensk
59,Xikou,Komsomol’s’ke,Agustín Codazzi,Igboho,Sol’tsy,Spanish Wells,Nsok,Dongshan,Ratoath,Kandangan
60,Shiraoi,Makīnsk,Dzerzhinsk,Villa Atamisqui,Brdów,Gibbons,Solnice,Chợ Mới,Haiphong,Bondowoso
61,Tawangsari,Yiqi,Yuping,Paghmān,Kamnica,Kirovskaya,Quintela,São João dos Patos,Dengjia,Tongjiaxi
62,Swellendam,Sepatan,Ténenkou,Shunde,Nagosela,Ankola,Jacutinga,Venado Tuerto,Azacualpa,Non Sung
63,Valmiera,Manquiring,Nanxing,Sernovodsk,Rothesay Bay,Chapadinha,Baturyn,Dasiping,Huilong,Saint-Paul
64,Xinquansi,Liuhe,Strömsnäsbruk,Kengyuan,Lyuban’,Targowisko,At Taḩālif,Grand Rapids,Sungaipuntik,Barra de São Francisco
65,Pervomays’ke,Shuangqiao,Sremska Mitrovica,Pananaw,Lembursawah,Orekhovo-Zuyevo,Fengshan,Divisoria,Curpahuasi,Morro do Chapéu
66,Baranów,Hisor,Tul’chyn,Köping,Ishige,Zruč nad Sázavou,Zhangjiang,Hwasun,Hedi,Charneca da Cotovia
67,Lubenia,Rodotópi,Del Campillo,Białołeka,Lindome,Årjäng,Koímisi,Buyant,Nueva Fuerza,San Diego
68,Lamongan,Nizwá,Sempu,Kołczygłowy,Zuru,Kurlovo,Victoria,Pak Chong,Omaha,Tucheng
69,Phonphisai,Wenci,Brumado,Irkutsk,Nobres,Krajan,Semirara,Velké Hoštice,Destrnik,Bijelo Polje
70,Gaobeijie,Dulce Nombre,Danidehe,Yanling,Caobi,Ishimbay,Villefontaine,Sancti Spíritus,Extremoz,Zhaolingpu
71,Shangzhang,Fukumitsu,Stare Miasto,Ushuaia,Sumuragung,Jakhaly,Pak Thong Chai,Rybnik,Valencia,‘Alīābād-e Katūl
72,San Antonio,Ciangir,Motala,Retenggoma,Heqiao,Langádhia,Pai do Vento,Nansan,Rendeng,Sölvesborg
73,Moose Jaw,Warmare,Naga,Fuwen,Santa Catalina,Petaling Jaya,Murree,Zhenlong,Ibung,Porto de Mós
74,Đắk Glei,Krasyliv,Créteil,Pyu,Kobeřice,Kayl,Vilca,Lyubymivka,Jobabo,Kurayoshi
75,Attard,Dzoraghbyur,Jiahu,Sadek,San José de Mayo,Gaoqiao,Vimieiro,Halle,Nubma,Carapelhos
76,Montpellier,Diaofeng,Carreira,Shalushka,Shuangxi,Tabaga,Aga,Bojawa,Golomunta,Leudelange
77,Meshcherino,Zhangye,Erping,Yanxi,Banjar Cemenggon,Tangchi,Ōfunato,Antwerpen,Nansheng,Funabashi
78,Cikubang,Tuwa,Tasikona,Frankfort,Cala,Buenavista,Changbu,Nanger,Vondrozo,Västra Frölunda
79,Huacapampa,Barroco,Al Hufūf,Sonlit,Luau,Varpaisjärvi,Annan,Weixin,Kazinka,Gangjia
80,Taveiro,Rodniki,Shiniu,Ampeleíes,Baruta,San Antonio Aguas Calientes,Hermoso Campo,Höshööt,Waterloo,Povorino
81,Capulaan,Pámfylla,Không,Trzebieszów,Kubachi,Bafilo,Teluk Pinang,Maceo,Meringkik,Houston
82,Eman,Cidikit Girang,Carmen,Aksha,Buyunshan,Huai Mek,Uppsala,Kupchino,Géfyra,Bayside
83,Maigo,Zhenjiang,Akouda,Nuuk,Cangshan,Sikka,Wińsko,Wugong,Kapakabisa,Dzüyl
84,Krajan,Quimper,Columbus,Goseong,Gaillac,Liangdong,Dobri Dol,Bell Ville,Ylöjärvi,Gorgān
85,Ptghunk’,Negoslavci,Rifeng,5 de Mayo,Valparaíso,Bonn,Parramos,Torbat-e Jām,Long Beach,Guji
86,Bílovice,Makur,Shilong,La Paz,‘Arīqah,Donggu,Winnica,Daqian,Narvacan,Lasusua
87,Costa de Rios Frios,Lourdes,Anan,Zhongdeng,Nizhniy Tagil,Kebonagung,Barra do Garças,Jingxin,Otuke,Asmara
88,Wangping,Sandayong Sur,Sukmoilang,Sridadi,Fenghui,Pushchino,Tiron,Oslo,Zhonghuopu,Louka
89,Xihe,Strel'na,Lamadong,Yuezhao,Sorren Daya,Ecilda Paullier,Ashton,Salinggara,Barrosas,Margasari
90,El Pao,Keles Timur,Kabulusan,Kota Trieng,Bartsrashen,Duwe,Nahrīn,Halmstad,Yuanjiazhuang,Maragogipe
91,Velykyi Bereznyi,Kėdainiai,Leon,Kotel’va,København,Nyíregyháza,Ximei,Kansas City,Surubim,T’aebaek
92,Dagohoy,Fanyang,Lampa,Fencheng,Rantauambacang,Xiahong,Lirung,Varazqān,Ūdalah,Areguá
93,Zhumadian,Liuqiao,Mbaké,Shuangxing,Samajie Ewenkeminzu,Junshan,Kīevka,Nūrābād,Purwodadi,Saraburi
94,Severoural’sk,Chavárion,Xiaodukou,Yiwa,Liugong,Lidköping,Toluviejo,Tilburg,Bagangan,Sandaogou
95,Shiojiri,Magangué,Huayuan,Hongtu,Kampungladang,Pop,Zselickislak,Xiangyangpu,Shuangwang,Mocajuba
96,Mae Wang,Le Blanc-Mesnil,Gabès,Pines,Laohugang,Majāz al Bāb,Puqian,Arnhem,Ornontowice,Saint Augustine
97,Rukunlima Bawah,Rozkishne,Talovyy,Seaton,Belo Horizonte,Colquechaca,Salvaleón de Higüey,Yemva,Wielichowo,Kout na Šumavě
98,El Sombrero,Sulahan,Ghurayd Gharamē,Triwil,West End,Jiangchuan,Hankha,Braunschweig,Goya,Samho-rodongjagu
99,Brits,Aparecida,Korenëvo,Dobczyce,Pulaupinang,Lingyuan,Lashio,Shuangzhu,Ugba,Obernai
100,Zhuting,Železná Ruda,Saint-Lambert-de-Lauzon,Sukaharja,Gunungjulang,Dalmacio Vélez Sársfield,Cavaillon,Lautoka,Zhicheng,Gucheng
101,Zhucun,Klampok,Fuli,Tío Pujio,San Antonio Oeste,Kuala Lumpur,Chavarría,Umabay,Harbour Breton,Valerianovsk
102,Gao,Ligang,Ulricehamn,Gyodong,Mali Iđoš,Al Madīd,Saint-Marcellin,Shengao,Montería,Muliang
103,Quinta,Zhouxi,Kyosai,Kyzylorda,Orlovka,Dagestanskiye Ogni,Raposos,Conchamarca,Pule,Vicente Guerrero
104,Santa Ana,Atins,Yaransk,Valence,Kamenka,Mont-de-Marsan,Gose,Miaoya,Kétou,Pingyin
105,Butungan,Non Sung,Anjia,Pulo,Tianjiazhuang,Springfield,Kabor,Yonggu,Sankwia,Mirador
106,Bogolyubovo,Ustynivka,Moneague,Llusco,Visim,Rauna,Sørvágur,Hayang,Tsant,Annecy
107,Paris La Défense,Lluchubamba,Fria,Gachalá,Sablé-sur-Sarthe,Arnprior,Carrascal,Nesterov,Banqiao,Gjinkar
108,Camingawan,Końskowola,Pemzashen,Mulhouse,Gjoa Haven,Yongchang,Bueng Khong Long,Värnamo,Białośliwie,Oepula
109,Guimbal,Chenggang,Marhanets’,Udon Thani,Bangkalan,Sujji,Tougan,Manoel Urbano,Bunda,Karlovy Vary
110,Indralayang,Thị Trấn Cao Lộc,Oke Mesi,Luoshui,Kabardinka,Shoushan,Tohong,Dubá,Trawniki,Duzhou
111,Chavusy,Kondinskoye,Gaotaizi,Postira,Kaliuda,Atsugi,Hongsi,Banān,Pingyang,Yantan
112,Yao’an,Banayoyo,Bol’shoye Selo,Arţās,Kokofata,Pangapisan,Ojrzeń,Belang,Binkolo,Tepal
113,Uyo,Tagnanan,Kasukabe,Concordia,São Mamede,Tsybulevka,Oleksandriya,Baní,Trieste,Xingyuan
114,Oliveira de Baixo,Misawa,Caicedonia,Marston,Lubuagan,Marogong,Cabog,Bastia,Lashkar Gāh,Šabac
115,Fanzeres,Blaye,Antsohimbondrona,San Vicente,Semalang,Budaka,Chunhua,Santa Maria,Notre-Dame-de-l'Île-Perrot,Delok
116,San Miguel,Stanowice,Babakankalong,Tsagaan-Owoo,Makati City,Jaguimitan,Jongorsari,Santana do Ipanema,Créteil,Naval
117,Rodas,Béoumi,Umbulan,Asker,Masku,Kruhlaye,Ōmura,Paghmān,Mungging,København
118,Mekarsari,Andong,Marseille,Strasbourg,Sławoborze,Kcynia,Zalaegerszeg,Baddomalhi,Mutangyuan,Alue Glumpang
119,Pu’er,Wentai,Radiměř,Mulhouse,Carpiquet,San Luis,Eschweiler,Kalpáki,Ulan Us,Pedreira
120,Umingan,Shanling,Pančevo,Kalipucang,Maralal,San José de Río Tinto,Babura,Ardabīl,Chenqiao,Mikhaylovsk
121,Nar'yan-Mar,Jablonec nad Nisou,Lagarto,Bogo,Saquarema,Néa Pélla,Sancti Spíritus,Oepuah,Stony Plain,Tianta
122,Qianshan,El Zapote,Tinghir,Burqah,Kálamos,Cakran,Margabakti,Hamburg Harvestehude,Rudka,Puutura
123,Angatel,Esmeraldas,Široki Brijeg,São Mateus do Sul,Yurla,Road Town,Ciénaga de Oro,Balbagay,El Dividive,Chesapeake
124,Duba,Cambé,Baicheng,Mykolayiv,Ulety,Meikeng,Kari,Dingzhai,Djohong,Morocelí
125,Towa,Tangalla,Guxi,Hod HaSharon,Bukowiec,Piteå,Huntington,Garawati,Thiers,Kadupayung
126,Priob’ye,Nassau,San Esteban,Yazykovo,Jastrzębia Góra,Tver,Leiden,Konstantinovskoye,Ang Thong,Jembangan
127,Dalu,Zhoukou,Lauro de Freitas,Lipiany,Santa Maria da Feira,Itu,Thun,Orléans,Nungga,San José de Mayo
128,Odintsovo,Doropeti,Pathein,Sangari,Tumba,Santa Rosa,Khulm,Naguilian,Kawagoe,Cergy-Pontoise
129,Mengzhai,Wāling,Szczawnica,Fayzabad,Villa Dolores,Chester,Caicun,Nesterov,Tānk,Mas‘adah
130,Vakhrushi,Hexi,Danyang,Staré Křečany,Puerto Bello,Coaraci,Zhongguan,Wan Yai,Det Udom,Tungguwaneng
131,Wrocław,Ḑubāh,Martakert,Jining,Ares Tengah,Greensboro,Rubiataba,Wutun,Savski Venac,Yonghe
132,Tsiatsan,Purong,Thạnh Phú,Bhalwāl,Vidual,Mayapusi,Lyon,Kosmonosy,At-Bashi,Puerto Ayacucho
133,'Ali Sabieh,Zarechnyy,Kristiansand S,Alpatovo,Piedra Blanca,Itajaí,Legok,Yelyzavethradka,Xinqiao,Dulles
134,Maras,Rio de Janeiro,Malabag,Zoushi,Alfta,Rancagua,Huacrachuco,Gambut,Cemara,Santa Tecla
135,San Pedro,Horlivka,Arcueil,Honjō,Sena Madureira,Haoguantun,Talangbetutu,Líbano,Qumudi,Simabur
136,Shijiao,Wakefield,Cikaludan,Zheyuan,Klimontów,Strellc i Epërm,Nadvoitsy,Clermont-Ferrand,Sępopol,Drogomyśl
137,Sandaowan,Sanhe,Catac,Reykjanesbær,Leloboko,Mranggen,Banocboc,Tuxi,Visby,Novo Horizonte
138,Banho e Carvalhosa,Zhigalovo,Xiaolou,Gwangtan,Hetang,Palhais,Zhanxu,Orange,Dongkengkou,Kensington
139,Barwałd Górny,Zhulebino,Durazno,Libao,Al ‘Āqir,Chunghwa,Kasese,Pedraza,Hila,Pereyaslovskaya
140,Miki,Gabi,Shipaidong,Malhou,Berezanka,Mata-Utu,Cinagrog Girang,Rennes,Podu,Feikeng
141,Lengji,Cambas,San Jacinto,Rungis,Tangcun,Ljubešćica,Itapecerica,Wenceslau Braz,Kuala Lumpur,Mutatá
142,Qiqian,Zastron,Tungi,Dalkey,Viana do Alentejo,Dourbali,Abuja,Kijang,Balitoc,Ayo
143,Uhniv,Staryy Oskol,Yongping,Lirang,Saint-Maur-des-Fossés,Prosperous,New York City,Nzeto,Hrušica,Hujiaying
144,Hunkuyi,Cikou,Jambubol,Dimitsána,Basail,Shaoguan,Trélissac,Malé Svatoňovice,Surcubamba,Legaspi
145,Anyang,Magadan,Jinan,Salima,Aloja,Zhaobaoshan,Bavorov,Nanyuan,Macaíba,Bokoro
146,Rizómata,Oefau,Zafar,Telbang,San Francisco,Três Pontas,Kamensk-Shakhtinskiy,Jabungsisir,Punsu,La Virtud
147,Mberubu,Gaojian,Ermelo,Kungälv,Videira,Linmansangan,Richmond,Pajoreja,Неготино,Veinticinco de Mayo
148,Nūsay,Kafr Sawm,Yulin,Corinto,Boronów,Des Moines,Brody,Silao,Al Ḩumaydāt,Karangduren Dua
149,Shorapani,Paraguarí,Tiechanggou,Frankfurt am Main,Al Jadīd,Chifeng,Ilongero,Zhaogezhuang,Ea T’ling,Zongluzui
150,Sieniawa Żarska,Xushangqiao,Rrasa e Sipërme,Nantes,Siepraw,Telêmaco Borba,Omsk,Monjas,Iguape,Panji
151,Tarakaniv,Nowshera Cantonment,Poretskoye,Abdurahmoni Jomí,Bilozerka,Fenshui,Jinjiang,Santa Bernardina,Ngajum,Corinto
152,Tiassalé,Krasnoye,Schieren,Ma’an,Siikajoki,Amfíkleia,Saskatoon,Irbid,Vuzenica,Pruszków
153,Złotniki Kujawskie,Pocokan Satu,Kerċem,Haodi,Bacabal,Satovcha,Nowe Skalmierzyce,Odolena Voda,Tamontaka,Trzebieszów
154,Hưng Nguyên,Jiufeng,Changsha,Puerto Galera,Pan-an,Guabito,Ivanteyevka,Simunul,Stockholm,Ust’-Kut
155,Kępice,Agrínio,Dayuanhuizu,Purac,Sindi,Jintao,Nizhniy Lomov,Chaka,Muyuka,At-Bashi
156,Sypniewo,Toktogul,Tres Isletas,Lysyanka,Buritizeiro,Syrostan,Seshcha,Cibunut,Liangwangzhuang,San Nicolás
157,Qukuhu,Shengli,Vyatskiye Polyany,San Andrés Villa Seca,Pregrada,Fāqūs,Khun Han,Guaynabo,Shimabara,São Pedro do Estoril
158,Piñas,Kunwi,Desē,Nawābganj,Emmaboda,Putrajaya,Rushanzhai,Jinshi,Twante,Uyen Hung
159,Linda Vista,Llaillay,Kiupo,Kęsowo,Jikamshi,Dhamār,Olovyannaya,Pucara,Solidaridad,Lubango
160,Jawand,Esil,Qiansuo,Totok,Tonggoh,São Paio Merelim,Toyota,Lorica,Estaca,Luleå
161,Yanbei,Žebrák,Dallas,Miaojie,Fayaoué,Trenggulunan,Achanizo,Barreiros,La Mesa,Obiliq
162,Jinli,Dualing,Shuanghe,Tabuc Pontevedra,San Pedro Zacapa,Chmielno,Koszęcin,Grand Bank,Settat,Zhouyuan
163,Sison,Comal,Sundbyberg,Kelo,Xipingle,Fāraskūr,Thionville,Xylókastro,Puračić,Santa Rita
164,Taluncemara,Klana,Bolorejo,Toyota,Saint John,Ibitinga,København,Miami,Kanḏay,Uusikaupunki
165,Locminé,Surazh,Rongmei,Yemva,Baro,Maoming,Haarlem,Asprángeloi,Kota Kinabalu,Alvaiázere
166,Thành Phố Phủ Lý,Petit Raffray,Ahar,Chapadinha,Bayt Sāḩūr,Bagé,Kangping,Lugu,Shangrao,Wujiashan
167,Shreveport,Niu,Szczytno,Uubulan,Palca,Ngaliyan,Cerna,Saint-Germain-en-Laye,Kawerau,Lyski
168,Baculongan,Plandirejo,Viso,Oromocto,Sundsvall,Vargem Grande,Vila Nova,Yanaoca,Kapan,Roliça
169,Västerås,Jingyang,Mets Parni,Chimichagua,Haibeitou,Fresno,Västerås,Kurlovo,Wonorejo,Savannah
170,Metallostroy,Melaka,Su-dong,Cisiec,Al Kiswah,Chư Ty,Bayt Liqyā,Padilla,Peremyshl’,Battle Creek
171,Bintawan,Marseille,Fenhe,Kyzylzhar,Wenshao,Lëbushë,Dancheng,Igurubi,Néa Sánta,Esmoriz
172,Mikhnëvo,Picos,Ban Mo,Azovo,Zakupne,Strängnäs,Sonorejo,Orlando,Ruilin,Leudelange
173,Demak,Sātkania,Nova Praha,Maroanging,Merklín,Banjar Wates Tengah,Tambovka,Yun’an,Nestório,Eldoret
174,Shahr-e Şafā,Zhangfang,Cofimvaba,Coxim,Shanban,Veinticinco de Mayo,Karanganyar,Geghanist,Alderetes,Yugawara
175,Barra de São Francisco,Erdaobaihe,Ramat Gan,Casalinho,Memphis,Shuikou,Aráchova,Hankazi,Lizi,Changzhou
176,Mafeteng,Ngaoundéré,Krasnaya Poyma,Sabanalarga,Paradyż,Centro Habana,Wyśmierzyce,Tancheng,Hongdun,Yegor’yevsk
177,Boka,Kota Kinabalu,Morales,Stockholm,Qintang,Mistřice,Kui Buri,Kowale Oleckie,Brie-Comte-Robert,Mamu
178,San José,Rio,Duvergé,Wubao,Kargasok,Iiyama,Tieshan,Tonosí,Mosar,Ikongo
179,Manicahan,Lianpeng,Tabio,Sagae,Cabeça Gorda,Sosnovyy Bor,Spas,Brest,Plereyan,Huifeng
180,Zborište,Bryukhovetskaya,Tyukalinsk,Robīt,Sadao,Sulbiny Górne,Xiaojing,Jequié,Kashima,Saint-Ouen
181,Banga,Al ‘Anān,New Hyde Park,Dazhigu,Toulon,Hartola,Mulyorejo,Bolikhan,Puerto Obaldía,Edineţ
182,Vidovci,Oumé,Otterburn Park,Přimda,Novopokrovskaya,George Town,Karibib,Qufu,Tanjung,Merdeka
183,Kabar Utara,Vacha,Zheshart,Ribeirão da Ilha,Dingjiaqiao,Busuanga,Shangcunba,Sirnaresmi,Nijiangping,Xinghua
184,Santa Ana,Bavorov,Mayisad,Traiguén,Yangxiang,Yueshan,Bitam,Lousado,Pingshanhu,Nezlobnaya
185,Salto de Pirapora,Jinchang,Bilyarsk,Koh Tao,Kwidzyn,Castelo,Markaryd,Pyra,Campo Largo,Dengjia
186,Cikawung,Coishco,Choa Saidān Shāh,Suban Jeriji,Nancaicun,Massaranduba,Mirador,Timbuktu,Millet,Tammela
187,Arkalyk,Leninogorsk,Arroyo Naranjo,Garoua Boulaï,Agua Fría,Brengkok,Lidingö,Saint-Brieuc,Würzburg,Gzy
188,Gaobu,Jatiklampok,Babatngon,Lấp Vò,Parumasan,Pateros,Valladolid,Magoúla,Praia das Maçãs,Mirontsi
189,Kramat,Al Ḩayfah,Bontoc,Delanggu,Laagri,Czerniewice,Chýnov,Tunggaoen Timur,Agodim,Goulmima
190,Viking,El Cerrito,Murovanoye,Vingåker,Satun,Verkhniy Dashkesan,Castlebellingham,Krajan Sale,Beruniy,Cheping
191,Conel,Partikan,Mora,Orlovka,Changning,Zwolle,Lago dos Rodrigues,Heyan,Camocim,Thiès Nones
192,Hulutao,Vitrolles,Dallas,Dian-ay,Cajati,Ganyi,Bosanski Šamac,Heshan,Litan,Lyon
193,Tilburg,Barbalha,Lazaro Cardenas,El Coco,Xujiafang,New Westminster,Jezzîne,Jaguariúna,Weetobula,Khirdalan
194,Catamayo,Baranoa,Poponcol,Mariposa,Baozhu,Komga,Chernoyerkovskaya,Padangsidempuan,Palaió Fáliro,Masalovka
195,Bandeirantes,Tor,Gegu,Palencia,Curití,Zolotonosha,San Basilio,Secunda,Medeiros Neto,Whakatane
196,Cigadog,Monte de Trigo,Vicente Guerrero,Wuquan,Unquillo,Waiwukak,Pittsburgh,Piteå,Sainyabuli,Jitan
197,Huanghuatan,Coté-Lai,Santa Rita do Sapucaí,Matatiele,Cullalabo del Sur,Tía Juana,Karolinka,Mopipi,Guarapari,Ayabaca
198,Xuxiake,Tiegai,Yangce,Tengqiao,Jijiang,Niandou,Alabat,Stamford,Baldone,Dos Quebradas
199,Columbus,Dessalines,Bagadó,Polevskoy,Setono,Güira de Melena,Caramuca,Koilás,Sarandi,Banjar Buahan
200,Casselman,Sambong,Pieksämäki,Dzel,Metsamor,Phichai,Tantu,Alacaygan,Ponte Nova,Kalodu
201,Chengbei,Gaotai,Nagqu,Paynjuwayn,Vlkoš,Nakhon Pathom,Al Jawf,Setro,Scottsdale,Lyon
202,Dalupaon,Itaquyry,Toulouse,Syrostan,Kiritsy,Sifala,Huangze,Catayauan,Esso,Thị Trấn Vạn Hà
203,Mazār-e Sharīf,Qanliko’l,Makiyivka,Angono,Mushie,Carayaó,Bulianhe,Banjar Yehsatang,Lau,Tamaulipas
204,A dos Negros,Jilong,Novotitarovskaya,Lebak,San Antonio,Thetford-Mines,North Little Rock,Dokolo,Shanghu,Kurashiki
205,Biruinţa,Lebak,Mengeš,Leonárisso,Nianba,Neuquén,Trąbki,Ondoy,Kebonkalapa,Železný Brod
206,Suslonger,Karmah an Nuzul,Lilio,Gällivare,Kista,Xianning,Ćićevac,Najrān,Paldiski,Sajia
207,Orléans,Daguo,Sambirobyong,Thị Xã Lai Châu,Psáry,Shikhany,Temayang,Somerset East,Calinog,Starigrad
208,Batukuta,Sanana,Thị Trấn Vạn Hà,Sanguinheira,Busia,Aguasay,Koreiz,Machinda,Sop Moei,Hřebeč
209,Chyhyryn,Belleville,Belén,Turku,Chikeng,Yunfu,Dawuhanmangli,Phùng,Outeiro,Goiânia
210,Bitola,Bull Savanna,Gaborone,New Orleans,Alto Barinas,Diriá,Hubei,San Antonio,Arapongas,Anjia
211,Xieshui,Xiyang,Meiqi,Gembu,Kými,Croissy-sur-Seine,Benoy,Savannah,Patiya,Clodomira
212,Bagansiapiapi,Ayní,Jiqu,Gierłoż,Xuanma,Zipárion,Cavadas,Kruengraya,Cruzeiro,Sawahan
213,Riti,Unión,Sandwīp,Tilik,Lanci Satu,Tha Uthen,Sucha,Skutskär,Ngujung,Kirkkonummi
214,Olocuilta,Bang Sao Thong,Rudy,Igir-igir,Kuwayris Sharqī,Komsomol’skiy,Cabricán,Quezaltepeque,Ullulluco,Viitasaari
215,Conduaga,Perpignan,Hamburg,Funza,Cigemlong,Circa,Sapol,Qalandiyā,Colonia Aurora,San Pedro Masahuat
216,Dīla,Changlu,Gununganyartambak Tengah,Susuman,Avaré,Saidpur,Huangtang,Periyiáli,Digne-les-Bains,Alkmaar
217,Motge,Charneca,Katsuta,Ziway,Haarlem,Klichaw,Kampungdesa,Cap-Santé,Talisay,Maranura
218,Rostokino,Konary,Kameyama,Shanling,Bowang,Yaring,Loma Bonita,Novokuz’minki,Miraflores,Zhongfan
219,Balaoang,Áyioi Apóstoloi,Kuče,Nanshui,Minna,Vlycháda,Kuala Terengganu,Waipawa,Vitina,Shchukino
220,Vitrolles,Birendranagar,Syców,Tužno,Jetak,Sokolo,Lagoa Vermelha,Morelos,Kidal,Rönninge
221,Agriá,Pampa del Infierno,Cimanggu,Quilmes,Ndano,Kuala Lumpur,Espinillo,Itapagé,Velyka Bahachka,Bebae
222,Kuala Bintang,Radenka,Liangwa,Yessentukskaya,Maxu,Taohuajiang,Poykovskiy,Alcainça,Gaoqiao,Yayao
223,Savannakhét,Majengo,Xijiang,Gudauta,Yanling,Arraial do Cabo,Maogou,Valencia,Zhayang,Mulanje
224,Ongkharak,Kazaure,Huanglin,Perreng,Mobile,Noebana,Villeurbanne,Baška Voda,Chengbei,Morinville
225,Queimados,Zahlé,Palmasola,Dallas,Sepekov,Ipoti,Chambar,Blackfalds,Pantenan,Kototujuh
226,Baoyou,Kylmäkoski,Gaborone,Lazaro Cardenas,Jaguariaíva,Non Suwan,Shuitian,Isidro Fabela,Hrob,Sungaigerong
227,Voskresenskoye,Combita,Bralin,Kurbnesh,Logan Lake,Hongor,Gueset,Chão de Couce,Gangshangji,Yangdun
228,Talovyy,Kiuola,Xinan,Aurillac,Winburg,Santos Dumont,Sernur,Vigo,Manika,Mandor
229,Sovetskoye,Shorko,Paripiranga,Umm Sa‘īd,Huangyang,Pechersk,Pingshan,San Luis,Machico,Tanguiéta
230,Arraial do Cabo,Capalayan,Reshetnikovo,Pallasovka,Zama,Ngã Bảy,Nivnice,Komsomolets,Sobinka,Cagbang
231,Yisa,Podgórzyn,Winterthur,Zolotkovo,Sumurgeneng,Genova,Tajerouine,Reckange-sur-Mess,Liebu,Bilalang
232,Sanlicheng,Sokolniki,Paatan,Bitanjuan,Tanshan,Notre-Dame-des-Prairies,Fresno,Gävle,Tingsiqiao,Salacgrīva
233,Sambong,Takeo,Proletar,Chur,Tomohon,Nkhotakota,Turirejo,Ciseda,Huanggang,Looc
234,Ust’-Dzheguta,Rubiataba,Margasari,Chenjiaba,Kommunisticheskiy,Kudinovo,Trzebinia,Magumeri,Bohorodchany,La Estrella
235,Neftegorsk,Al Muharraq,Beiwa,Salinas,Dobrich,Pshekhskaya,Zhangdan,Khuan Don,Cortinhas,Yuzhou
236,Lidköping,Mendes,Tours,Kavār,General Manuel J. Campos,Sabang,Divo,Xicheng,Tuti,Ylöjärvi
237,Karvia,Loboniki,Aguilares,Konggar,Carregueira,Xilópolis,Hương Sơn,Preobrazhenka,Eksjö,Marte
238,Cedry Wielkie,Ponce,Chegang,Kromasan,Berlin,Changfu,Villejuif,Komsomolsk-on-Amur,Château-Richer,Firá
239,Fontinha,Pakong,Colinas,Štitar,Esperanza,Akankpa,Jhingergācha,Nagaracinta,Pasrukrajan Satu,Češinovo
240,Banatsko Karađorđevo,Krasnoznamensk,Azurva,Kikinda,Bañga,Pucara,Wanjiazhuang,Huanshi,Soljani,Belisario Dominguez
241,Independencia,Selce,Xilaiqiao,Bunisari,Ḩabbān,Qijing,Hüremt,Punta Cana,Dete,Paris 10
242,Boyang,Ningyang,Zhuyang,Louka,Lišov,Oslo,Vavoua,Velasco Ibarra,Wangcun,Padilla
243,Corail,La Jagua de Ibirico,Bashan,Trzebieszów,Phitsanulok,Ampelákia,Åtvidaberg,Kalkara,Pregradnoye,Baisha
244,Suzhou,Hanau,Changle,Chadan,Cariaco,Lipovljani,Verkhniy Rohachyk,Taozhuang,Greystones,Troparëvo
245,Huangtugang,Wanurian,Itaocara,‘Afīf,Baldone,Oenopu,Göteborg,Babug,Barra Velha,Rāwandūz
246,Sokodé,Krajan,Santo António das Areias,Fuquan,Tuscaloosa,La Tinguiña,Kristianstad,Mamponteng,Bassa,Ağdaş
247,Sapeken,Ḩajjah,Antwerpen,Brampton,Sukamulia,Shuangxing,Balfour,Lincheng,Sar-e Pul,Buyun
248,Sampungu,Cawayan,Tando Jām,Zuogaiduoma,Karafao,Sakon Nakhon,Ragay,Yanyang,Smederevo,Sagara
249,Oslo,Malesína,Sumurber,Linxihe,Maythalūn,Jiaomingsi,Sukamantri Satu,Wołczyn,Ngetkib,Karangtengah Lor
250,Amiens,Charleston,Pomerode,Wucun,Obonoma,Stroitel’,Kaz,Xihe,Kōnosu,Dadus
251,Rungis,Wenfeng Zhen,Damiao,Beloostrov,Akarakar,Quanzhou,Tilburg,Yunga,Guilherand-Granges,Chishtiān Mandi
252,Brak,Krasnyy Luch,Sopla,Beiqiao,København,Nova Odesa,Colegiales,Imbituba,Kadugedong,Tucdao
253,Rancharia,Travesía,Ivatsevichy,Cañas,Amieira do Tejo,Jezzîne,Tungipāra,Ciriri,San Antonio de los Baños,Richmond
254,Ranong,Pantenan,Mahalapye,Carleton-sur-Mer,Naghalin,Bangilan,Kapsan-ŭp,Baimaqiao,Budapest,Koroška Bela
255,Nangka,Kuta,Rukaj,Shimonoseki,Tengqiao,Puerto Esperanza,Nambalan,Almirante Tamandaré,Hukou,Çalxanqala
256,Na Yung,Xinan,Frederiksberg,Tapas,San Vicente,Saint-Tite,Halimpu,Mineralni Bani,Qincheng,Messina
257,Dumalinao,Dengjia,Marsabit,Chahe,Ningxin,Heku,Cestas,Port-Vila,Shuitou,Kamenica
258,João Câmara,Mae Lan,Mariestad,Timmins,Hamburg Bramfeld,Dresden,Nong Khai,Jesenice,Arzila,Destrnik
259,Beverwijk,Araulí,Pukekohe East,Capellanía,Loreto,Balut,Atbasar,Ore,Mörrum,Rosario
260,Kabūdarāhang,El Copey,Vale,Talacogon,Yokotemachi,Gap,Nangerang,Nghi Xuân,Lons-le-Saunier,Kalibo (poblacion)
261,Masākin,Austin,Adassil,Solec-Zdrój,Ropice,Sơn Hà,Olhão,Kristinehamn,Allanridge,Donan
262,Cornillon,Naukot,Javalera,Kurzętnik,Kadumelati,Shāhdādkot,Zavolzh’ye,Dobre,Cordeiro,Dongzhang
263,Baun,Sabon Gari-Nangere,Merdeka,Mary,Kedungringin,Maintirano,Rahayu,Provo,Skuodas,Solec-Zdrój
264,Quixadá,Segezha,Kutum,San Fabian,Kendaruan,Paraćin,Moss,Goodlands,Konkwesso,Amboise
265,Sanhe,Tocumen,Aranyaprathet,Cimanggu,Kembang,Gīdolē,Bagu,Beizheng,Prínos,Kunda
266,Yeliguan,Pho Thong,Bonthe,Kampong Cham,Ribeira Grande,Sedayulawas,Taiping,Cutral-Có,Insiza,Farshūţ
267,Pengulu,Oslo,Raduzhnyy,Parreira,Robertsfors,Lamut,Vila Chã,Gorskaya,General Enrique Mosconi,Beishan
268,Sterlitamak,Wuhu,São Bartolomeu,Pochinki,Karangtawar,Heshengbao,Paradela,Selishche,Cicheng,Majengo
269,Ivanovo,Trat,Stockholm,Kamloops,Aykol,Bauang,Vestmanna,Ząbkowice Śląskie,Khatanga,Balabag
270,Nikki,Lutun,Lille,Yukuriawat,Pomichna,Ensanche Luperón,Seminole,Kissidougou,Concepción,Libas
271,Meruge,Novoaltaysk,Vidzy,Ipoh,Quanyang,Tanagara,Dobra,Darkūsh,Quimper,Novouzensk
272,København,Haiyu,Ciénaga de Oro,Gressier,Brusyanka,Spárti,Hrušica,La Courneuve,Virojoki,Batulawang
273,Dragash,Nanhu,Porkhov,Радовиш,Blois,Little Baguio,Bořitov,Šmarje pri Jelšah,Masaran,Corinto
274,Liushikou,Chavão,Himaya,Bascaron,Esperalvillo,Amsterdam Binnenstad en Oostelijk Havengebied,Urjala,Petit Valley,Vallehermoso,Javānrūd
275,Stockholm,Pyšely,Banawang,Ferraz de Vasconcelos,Bordeaux,Simrishamn,Turtas,Ýpsonas,Saint-Quentin,Machakos
276,Rakitovo,Barra de Carrasco,Anthoúsa,Dongen,Seixas do Douro,Xugu,Firá,Ningshan Chengguanzhen,Igcocolo,Aksu
277,Kebonbencoy,Železnice,Krasnoshchekovo,Mashizhai,Ljubovija,Nangka,Kuching,Tabou,Bambang,Pamplona/Iruña
278,Sollefteå,Daja Lorong,Paris La Défense,Bilar,Hemudu,Lwengo,Újezd,Litein,Vancouver,Jaroměř
279,Ten’gushevo,Ambunti,Sousse,Tokorozawa,Puerto Barrios,San Jose,Dongsheng,Wairinding,Cachadinha,Tekes
280,Langtad,Orly aérogare,Muarabuliti,Aglipay,Dubova (Driloni),Győr,Sendangagung,Ban Fang,Sison,Pisarzowice
281,Jenang Selatan,Bang Phae,Taguisa,Yalkhoy-Mokhk,Bentar,Xiachen,Krajanjugosari,Smederevo,Jessore,Słońsk
282,Waiwejak,Badarganj,Blois,Kass Wollof,Znamenskoye,San Sebastian,Bayt Ūmmar,Ryazanskiy,Zhangcun,Wonorejo
283,Laguilayan,Hengshui,Cidolog,Krajan,Zhouyuan,Hongguang,Knoxville,Suwangi Utara,Binonga,Bamiantong
284,Beichan,Tieling,Banī Walīd,Urus-Martan,Little Rock,Zhayang,Nangahale,Burgas,Armenia,Dami
285,Cancas,Sindangan,Villa Lugano,Arbeláez,Kvänum,Santana do Paraíso,Solntsevo,Xinglongchang,Kanáli,Mambi
286,Mo I Rana,Pedreira,Nový Bor,San Jose,Świdwin,Xinglongchang,Vientiane,Youlan,Sukth,Salerno
287,Itatiba,Saint-Malo,Tong’an,Ya‘bad,Aniva,Menggusi,Houping,Sardoal,Huashan,Pulaukijang
288,Sardasht,Malaga,Mercier,Longhuashan,Boroko,Bandeirantes,Thị Trấn Tân Yên,Wulingyuan,Potou,Jagong
289,El Adelanto,Xichehe,Lawrenceville,Gif-sur-Yvette,Rowotengah,Lyubymivka,Cuchumbaya,Ngepoh Kidul,Ipameri,Chocos
290,Alqueva,Dapo,Lucé,Marte,Gävle,Sanquan,Halat,Breda,Montenegro,Budapest
291,Suchań,Medenychi,Taganskiy,Dibba Al-Hisn,Santa Catalina,Halmstad,Piracuruca,Mapinrea,Pinsk,Langob
292,Jawornik Polski,Grati Satu,Canelas,Moholm,Malko Tŭrnovo,Nakhabino,Yangzhou,Casal das Figueiras,Mogi Mirim,Emiliano Zapata
293,Uinskoye,Sorokino,Guinoaliuan,Shuangta,Masjed Soleymān,Pacov,Puqian,Karangtalun,Köneürgench,Andres Bonifacio
294,Sankt Lorenzen im Mürztal,Tōgane,Veselynove,Asemanis,Ikar,Sankeng,Värnamo,Mílos,Bahay Pare,Belfast
295,Changfeng,Lukavice,Xinhe,Zbraslavice,San Ramón de la Nueva Orán,Keboireng,Pangnirtung,Benhao,Lingion,Goroka
296,Slantsy,Mushie,Székesfehérvár,Biasong,Gangjia,Belo sur Tsiribihina,Bayan Gol,Pingshan,Pantalowice,Potosí
297,Vuhlehirs’k,Kubangeceng,Lobos,Birmingham,Liushui,Watergrasshill,Kontiolahti,Ad Dīwānīyah,Lidong,Sviblovo
298,Kangping,Fengtai Chengguanzhen,Huangjinjing,Roissy Charles-de-Gaulle,Mobai,Zhenwen,Tari,Gal’bshtadt,Vaasa,Khōshāmand
299,Fenyan,Rodionovo-Nesvetaiskoye,Décines-Charpieu,Amirdzhan,‘Eilabun,Santa Cruz,Yuqian,Jatobá,Oslo,Forssa
300,Tieshan,Fundación,Fairview,Tandil,Žirovnice,Tarata,Prabuty,Jinping,Gus’-Khrustal’nyy,Masatepe
301,San José,Nanfeng,Évlalo,Colomiers,Bern,Amieira do Tejo,Sidoger Lebak,Sobreiro,Raša,Cañada de Gómez
302,Kaka,Chenchang,Bảo Lộc,Auxerre,Patarrá,Longcang,Jenang Selatan,Asímion,Az̧ Z̧a‘āyin,Puqi
303,Dahe,Zhangjiaji,Peruc,Ipiales,El Mirador,Ganja,El Tránsito,Pavlysh,Mshinskaya,Wanghu
304,Logroño,Camaquã,Abonnema,Gingsir,Sena,Ħamrun,Ozërsk,Akureyri,Lluchubamba,Barqueiro
305,Itabaiana,Sajan,Issoire,Carvoeira,Santiago,Pondokwungu,Sadao,Moyo,Banatski Despotovac,Sedatigede
306,Várzea Alegre,Lameira,Anxiang,Juexi,Sukarara Utara,Keratéa,Milton,Burmakino,Cotabato,Palaiomonástiron
307,Uyugan,Cikadu,Balut,Ipil,Pingshan,Palotina,Jesenice,Suay,Yelyzavethradka,Rennes
308,Fareydūnshahr,Tran,Shixiang,Damai,Venta,Sulbiny Górne,Padang,Nyaungdon,Coronel Fabriciano,San Francisco
309,Sidayu,Zapolyarnyy,Sam Phran,Aparecida do Taboado,Guamo,Mamasa,Valença do Douro,Sikasso,Plottier,Zhanbei
310,Lindian,Dieppe,Puyang,Niushou,Sabhā,Dujiajing,Garango,Burgos,Cacocum,Tokyo
311,Litibakul,Tanjung Raja,Nam Som,Xiahong,Maxixe,Huanza,Cikou,Shūsh,Mijiang,Huangbao
312,Antsohimbondrona,Ratchaburi,Shupenzë,Xingou,Seren,Pokachi,Yafran,Česká Skalice,Karditsomagoúla,Lyon
313,Shirbīn,Dome,Gibsons,Ban Fang,Begejci,Vacaria,Hexi,Baihua,San Carlos,Sapataria
314,Maliang,Pompéia,Gafargaon,Jingdu,Wotan,Groznyy,Kelin,Carlos Casares,Xinhe,Nariño
315,Colonia Elisa,Zevenaar,Kebonagung,Shangtuhai,Port Harcourt,Padre Nabeto,Rolante,Khoroshëvo-Mnevniki,Cagdianao,Yinhedahan’er
316,Waterbury,Paraipaba,Basud,Castanheira,Socabaya,Uarini,Mobai,Lagoaça,Astromil,Jetak
317,Changcun,Asbestos,Velké Karlovice,Tandahimba,San Roque,Opatowiec,Chojnice,Andop,Palmas,Ballyhaunis
318,Panitian,Kanal,Ngozi,Roudnice nad Labem,Aki,Alexandria,Betio Village,Youzha,Nyandoma,Uthai
319,Bonneuil-sur-Marne,Tiblawan,Keleng,Dobrich,Bile,Strasbourg,Sanming,Volgograd,Soest,Cisalakdesa
320,General Cabrera,Guanay,Pitumarca,Maubara,Tall aḑ Ḑamān,San Jose,Anwen,Centre de Flacq,Lleida,Czerwionka-Leszczyny
321,Ramon’,Duba,Gò Dầu,Strání,Jia’an,Pingshui,Tangwei,Ranisoba,Purwodadi,Bankim
322,Shouchun,Malie,Don Tan,Laspezia,Arīḩā,Waoundé,Kálamos,Jiangcheng,Sabang,Kladi
323,Huangtu,Chwaszczyno,Shimokizukuri,Yanai,Amphawa,Qinxi,Erdao,Uujim,Mingzhong,Jinan-gun
324,São Sebastião do Caí,Feteira Grande,Oropesa,Arrentela,Alcains,Krutinka,Taquile,Dimitrovgrad,Qihama,Villeneuve-sur-Lot
325,Palca,Belang,Cullinan,Zhenxing,Uwajima,Nagano-shi,Pueblo Nuevo Viñas,Manassas,Libouchec,Yanahuaya
326,Santo Rosario,Kowŏn-ŭp,Oakville,Tanshan,Massaguet,Casais Baleal,La Quiaca,Obubra,Peukanbada,Sadská
327,Dongbang,Meilin,Al Misrākh,San Cristóbal Totonicapán,Tha Uthen,Austin,Khūgyāṉī,Rongwo,Huanan,Parfino
328,Méru,Gulou,Tandaltī,Cijapar,San Vicente,Da’anshan,Louisville,Keboireng,Jiaokui,Yaroslavl
329,Wenping,Chengyang,Dasanlian Lauk,Yokosuka,Oele,Hannover,Liangchahe,Mikhaylovka,Nagiba,Pombal
330,Funchal,Daliu,Chilecito,Waalwijk,Vikhorevka,Cô Tô,Plan de Ayala,Guimarães,Ngulakan,Kahuripan
331,Hougang,Urpay,Kutamandarakan,Rokietnica,Shikou,Gaobeijie,Shuangshan,Thành Phố Nam Định,Kao Liao,Nguru
332,Cikubang,Néa Manolás,Ogoja,Krajan Keboromo,Jiasi,Albuquerque,Linxi,Vendargues,Hikkaduwa,Rajal Norte
333,Yamaranguila,Suodenniemi,Barras,Uruçuca,Lawa-an,São João dos Montes,Tajao,Sieniawa Żarska,Brwinów,Curiapo
334,Monte Francisco,Rashaant,Tabia,Kaji,Cikuya,Karanganyar,Mae Lao,Guandu,Amaury,Daping
335,Botucatu,Omutninsk,Newmarket on Fergus,Anáfi,Longtan,Rabah,Wensu,El Hatillo,General Arenales,Cipari
336,Ottawa,Torreira,Bruxelles,Sydney,Lodwar,Jaleswar,Bago,San Antonio,Ciudad Vieja,Ryōtsu-minato
337,Demak,Semey,Tanahwangko,Karanganyar,Xinzha,Nangen,Huquan,Hvar,Dong’an,Dukuhsia
338,Barra de São Francisco,Sukawening,Buruanga,Krasnodon,Ashcroft,Gwandu,Osogbo,Laspezia,Mamonovo,Changfeng
339,Ōkawara,Lambton Shores,Rîbniţa,Nove-Misto,Nakhon Sawan,Velasco Ibarra,Åhus,Jianling,Ōsaka-shi,Dois Córregos
340,Votkinsk,Le Havre,Sukasetia,Buritama,Xylotymbou,Donskoye,Ananea,Dumbéa,Chengnan,Zhongzhang
341,Matiao,Wailiang,Luže,Gaoshan,Iwo,Pamanukan,Mendeleyevo,Detchino,Bolesławiec,Furmanov
342,Älvängen,Penedo,Rogachëvo,Louta,Guaiúba,Mocoa,Porecatu,Xinzhaiping,Krzanowice,Paritaman
343,Ludvika,Nowe Grocholice,Meaux,Brniště,Rehoboth,Philadelphia,Yaguachi Nuevo,Hengshi,Danyang,Energeticheskiy
344,Usuki,Zghartā,Huangjing,Dorp Antriol,Wola Filipowska,Zarzis,Tōbetsu,Masallātah,Kristianstad,Yutou
345,Miaotang,Spandaryan,Chugay,Duraykīsh,Kasui,Jablonné nad Orlicí,Banjar,Solana,Krasnokholm,Casal Novo
346,Castelo de Vide,Saintes,Tigaon,Pukë,Sloboda,Trŭn,Santa Cruz de la Sierra,Baimajing,Haibara,Al Wardānīn
347,Hadabei,Cigebrok,Zhangjiang,Xinji,Asarum,Buchlovice,Izyum,Nkayi,Tianchang,Drammen
348,Chlumec,Rancamaya,Massakory,Tucson,Wengaingo,Hashtgerd,Usicayos,Kolor,Bacheng,Mekarsari
349,Quinta,Old Shinyanga,Taldyqorghan,Odolena Voda,Iza,Lotoshino,Huanggangshan,Laweueng,Nueva Cajamarca,Novyy Nekouz
350,Longfengba,Pa Bon,Narsaq,Urengoy,Carlsbad,Na Muen,Puncakwangi,Gandra,Xinjia,San Antonio
351,Lianhe,Pajo,Shengao,Walakeri,Saint-Jean-de-Braye,Jincheng,Boston,Malgobek,Zhendu,Doudleby nad Orlicí
352,Shumyachi,Niba,Tonantins,Yafran,Sasayama,Couço,Jevišovice,Yanahuaya,Newport Beach,Murmashi
353,Bato,Donji Vakuf,Irapa,Cotaparaco,San Pedro de Lloc,Zhongcheng,Santiago de Baney,Chengzihe,Ribeiro,Sumberbaru
354,Mueang Suang,Tanjungjaya,Rędziny,Santa Bárbara de Padrões,Buket Teukuh,Uhniv,San Martin,Ludvika,Teresópolis,Beipai
355,Kungälv,Odintsovo,Xinjie,San Narciso,Albany,Makedonski Brod,Bekasi,Libertad,Ōmuta,Moreira de Geraz do Lima
356,Xingren,Yenakiyeve,Shaozhai,Purong,Nahura,Āshkhāneh,Santa Cruz do Capibaribe,Fale old settlement,Kineshma,Virden
357,Gaoling,Navan,Feondari,Ibiúna,Tambakrejo,Karangmulyo,Åtvidaberg,Columbus,Grand-Bassam,Kingsport
358,Longsheng,Örnsköldsvik,Bác Ái,Al Tuḩaytā’,Rantepang,Longgang,Yijiang,As Suwaydā,Pentre,Torzhok
359,Port Louis,Paraná,Koktal,Gjøvik,Bibinje,Novo Selo,Hanna,Sidi Smaïl,Kruševica,Guankou
360,Sarrazola,Aráchova,Rivas,Khānaqāh,Gaohong,Bapska,San Ramon,Cachipay,Fatuhilik,Albany
361,Żórawina,Pandakan,Yarabamba,Jembatandua,Taozhuang,Dmytrivka,Atbasar,Maroa,Vavoua,Hitachi
362,Grajaú,Chahe,Kyjov,Xianghu,Gorzyce,Vitória,La Suiza,Muye,Motegi,Quinipot
363,Nurlat,Albert Town,Takengon,Al Kittah,Padas,Numeto,Vyatskiye Polyany,Bulacnin,Brześć Kujawski,Qiaozhen
364,Huaiya,Rongai,Butiama,Sāh,Inya,Digne-les-Bains,Vithkuq,Sanski Most,Corbeil-Essonnes,La Maná
365,Paris 17,Chenggan,Indaial,Porecatu,Wilkołaz,Tepusteca,Jihuluntu Sumu,Zhushan Chengguanzhen,Clamart,Xianxi
366,Cheonan,Portet-sur-Garonne,København,Yala,Tsukawaki,Mladá Boleslav,Singapore,Kipen’,Wucheng,Lumbangan
367,Šibenik,Figueira dos Cavaleiros,Logan Lake,Veliki Grđevac,Czarna,Hualfín,Dolní Černilov,Kokubunji,Osiek,Cimanggu Wetan
368,Huolianpo,Pirojpur,Lok,Duzhenwan,Söderköping,Johor Bahru,Petrovsk,Waru,Mo I Rana,Laspezia
369,Pinheiro Machado,La Mesa,Chełmża,Sendangagung,Espanola,Bergamo,Al Ghizlānīyah,Looc,Sennoy,Uíge
370,Soeng Sang,Pivka,Cam Lộ,Vredenburg,Goodlands,Orleans,Lesnyye Polyany,Mariestad,Cayna,Bandung
371,Panalingaan,Boshof,Lianokládhion,Köping,Březová,Aban,Granada,Refojos,Lysyanka,Troparëvo
372,Wanrongjiang,Hualongyan,Lagunillas,Tanlad,Gulou,Nybro,Les Cèdres,Jindong,Jia’an,Qiganjidie
373,Dugcal,Concordia,Pushchino,Erhaodi,Văn Điển,Qiping,Brignoles,Xuetian,Calais,Dugcal
374,Conchal,Wąwolnica,Staropyshminsk,Kawaguchi,Kastornoye,Uglyanets,Kiraman,Yangba,Niigata-shi,Picungbera
375,Canta,Bački Petrovac,Orlando,Sydney,Arjawinangun,Kruengraya,Dededo Village,Tsuruga,Tanalt,Severo-Zadonsk
376,Laranganglintong,Calheta,Curug,Rząśnik,Zhengguo,Aībak,Datar,Niños Heroes,Badian,Matsena
377,Camiri,Matmata,Saparua,Calubcub Dos,Uppsala,Ban Mai,Songlong,Washington,Jintang,Cihampelas
378,Santa Cruz del Norte,El Progreso,Verkhniy Lomov,Slovenski Javornik,Tailing,Wanganui,Esperantina,Gongchang,Guantouzui,Babica
379,Anolaima,Jinotepe,Karlskoga,Sandvika,Cardona,Canta,Moscow,Gondar,Skalánion,Shanhou
380,Cisiih,Néa Róda,Los Angeles,Bang Yai,Ratnapura,Hanghuadian,Dologon,Turets-Bayary,Baton Rouge,Atipuluhan
381,Jimaguayú,Concepción del Bermejo,Velikiye Luki,Paris 06,Eskilstuna,Sepīdān,Akunk’,Kŭrdzhali,Catujal,Heping
382,Bezerros,La Romana,Yeniköy,Kota Bharu,Pacanga,Jambulang,Dukuhsia,Trawniki,Karak City,Saint-Priest
383,Zhexiao,Bendan,Ortigueira,Kashmor,Taverny,Kvasy,San Juan de Mata,Temizhbekskaya,Neuilly-sur-Seine,Kup
384,Beigong,San Bernardino,Jiaoqi,Grabów,Jindaoxia,Lacroix-Saint-Ouen,Huazhaizi,Dingtao,Cherven Bryag,Taouloukoult
385,Daxing,Fengyan,Kangasala,Lavrica,El Paso,Prochowice,Zhaxirabdain,Baryshevo,Kuala Terengganu,Vilque Chico
386,Nereta,Mólos,Lyon,Salcedo,Cândido Mota,Chenchang,Raojān,Vale Mourão,Kampong Thom,Cigemlong
387,San Nicolas,Dayuanhuizu,Blessington,Tonjongsari,Toukh,Kedungsumurkrajan,Shajing,Ipiaú,Cowansville,Três Pontas
388,Kosakowo,Ishimbay,Warugunung,Cabeçudos,Santa Barbara,Yamaga,Zhuangxing,Partille,Huilong,Cigeulis
389,Pueblo Nuevo Viñas,Yarīm,Apaga,Benzilan,Alindao,San Francisco,Kyprínos,Jinshiqiao,Mutā Khān,Aleg
390,Paiisa,Xitan,Chyhyryn,Chonogol,Monte Aprazível,Nadi,Sari,Šmartno pri Litiji,Langarūd,Jixiang
391,Pangai,Zhize,Magisterial,Tafo,Gozdowo,Wanying,Czerwin,Villaguay,Ciburial,Frutillar
392,Capellanía,Bāfq,Krasica,Pombos,Maying,L'Épiphanie,Saaban,Moussoro,Kalimati,Vellinge
393,Baghdad,San Ricardo,Soledar,Santo Antônio de Pádua,Jiaojie,Tacoma,Laocheng,Tiebiancheng,Haozhai,Mafinga
394,Congonhas,Lenningen,Orneta,Yasenskaya,Jinxiang,Kara,Łaziska Górne,Argithéa,Seremban,Debar
395,Rybnaya Sloboda,Yangjiaping,Kokar,Sari,Semamung,Bollène,Changshu City,Islamey,Lukićevo,Graikochóri
396,Vicuña Mackenna,Dāngām,Palmitas,Gelemso,Dimiao,Visby,Quthing,Saint-Denis,Melioratyvne,Feni
397,Shidu,Sastöbe,Bajomulyo,Nuquí,Chiang Mai,Serawai,Xiadian,Hashaat,Huangben,General La Madrid
398,Cincinnati,Susanino,Chahār Burj,Sabaneta,Marevo,Ujazd,Heihe,Kamubheka,Dasha,Cidahu
399,Saint-Quentin-Fallavier,Thanatpin,Radom,Argotirto Krajan,Panjing,Saint-Dizier,Khulm,Ngluwuk,Jiujie,Ilanskiy
400,Guanli,Gaza,Dédougou,Margamukti,Newport,Kinkala,Zhangjiayuan,Bergen op Zoom,Pilot Butte,Puerto Barrios
401,Chengdong,Kunyang,Strömsund,Dzüyl,Bourg-en-Bresse,Bailang,Leiden,Niedźwiedź,Nîmes,‘Arīqah
402,Courbevoie,Cirangrang,Al Aḩmadī,Heidelberg,Bechyně,Sarmīn,Catbalogan,Miandrivazo,Biguaçu,Sukowono
403,Wudabao,Merdeka,Göteborg,Jequié,Metsavan,Maogang,Vichadero,Naru,Čapljina,Hongtang
404,Gradec,Shuangbaiyang,Salamanca,Mishixiang,Na Klang,San Roque,Phra Yuen,Bastia,Bizhbulyak,Aya
405,Pangkalanbunut,Yong’an,Devesa,Hāfizābād,Hola Prystan’,Union,San Emilio,Povorino,Nauchnyy Gorodok,Huangshi
406,Marinhais,Pyshchug,Lakkíon,Balung Barat,Talun,Koundara,Yitulihe,Los Santos,Shiozawa,Węgorzyno
407,Yangiqo‘rg‘on,Milwaukee,Xiaoqi,Igreja,Barra do Corda,Berezayka,Salaspils,Tuusniemi,Toufang,Jiaoqiao
408,Shawan,Zhongcun,Bebekan,Wŏnsan,Zhangdan,Huangjin,Kaduna,Junzhuang,Danxi,Jishui
409,Wonokerto,Simpang,Mbalmayo,Ḩabbān,Salt Lake City,Daur,Kliteh,Ratchaburi,Bolboc,Krasnohrad
410,Hucheng,Pagak,Muara Sabak,Jiehu,Primorsko-Akhtarsk,La Salud,Marhanets’,Argentan,Nemuro,Yuetang
411,Mölndal,Drohiczyn,Qionghai,Hậu Nghĩa,Boca Suno,Umuquena,Mafang,Paris 15,Dogondoutchi,Ouésso
412,Birštonas,Hengdaohezi,Burgos,San Fernando,Grand Rapids,Dongshan,Nakhon Phanom,Guáimaro,Rūdiškės,Évora
413,Zuyevka,Elassóna,Kaya,Kambar,Balzers,Leme,Dongji,Desnogorsk,Kėdainiai,Biscoitos
414,Adelaide Mail Centre,Hohoe,Samobor,Wangcun,Zhongwei,Bairros,Wielichowo,Lipovljani,Seremban,Mercedes
415,Świętajno,Napnapan,Miasskoye,Baroh,Węgorzyno,Preobrazheniye,Limassol,Vágia,Misungwi,Armenia
416,Nong Bun Nak,Glamang,Zama,Fort Wayne,Nyurba,Triteh,Volochys’k,Gurgurnica,Hinvi,Banjarwaru
417,Hulan,Przemków,Durham,Giồng Trôm,Borås,Songnim,Malumfashi,Saint-Étienne,Yangshufang,Plavy
418,Parikkala,Dvorichna,Petrolera,Xiangba,Mokil,Kampungraja,Ollachea,Ikedachō,Lincoln,Quebrada Canoa
419,Irricana,Bandaragung,Tost,Krasnogorskiy,Capim Grosso,Chóra,Hongmiao,Tibigan,Şurmān,Vihti
420,Pinyug,Stupino,Pakemitan,Erdao,Chengtian,Utarapasar,Varjota,Sérvia,Graksop,Hà Tĩnh
421,Paojan,Kuala Bhee,Chaka,Los Juríes,Deep River,Huancheng,Villefranche-sur-Mer,Iquipi,Famões,Digne-les-Bains
422,Jembangan,Kembangarum,Évreux,Paris La Défense,Bieliny,Pará de Minas,Nong Ruea,Kingston,Tammela,Sigou
423,Carapo,Brejo Santo,Cabanbanan,Hingatungan,Bom Sucesso,Wotan,Jāmpur,Zheleznogorsk,Shangtian,Cesson
424,Sainte-Adèle,Sukowidodo Barat,Francisco Villa,Novaya Tavolzhanka,Changmaoling,Guyang,Donostia-San Sebastian,Ubay,Minzheng,Sukasenang
425,Kájov,Troitsk,Maki,Ponggok,Victoria,Gagah,Erong,Miramichi,Téra,Panjir
426,Nanhuang,Limeil-Brévannes,Xinxu,Sandnes,Damietta,Dukuh,Kokofata,Shuangfeng,Zhengyu,Verkhniye Osel’ki
427,Qarchī Gak,Leiden,Kórnik,Domoni,Bairro,Yuqi,Ostrov,Huangcun,Gorobinci,Zavolzh’ye
428,Lagasit,Budapest,Ayagoz,Qiaodong,Tigarunggu,Guri-si,Nizhniy Novgorod,Nazaré da Mata,Antonio Toledo Corro,Tibiri
429,‘Izrā,Hankazi,Likhoy,Ballylinan,Maredakamau,Chaihu,Burgos,Qiaozhuang,Bulacan,Pocokan Satu
430,Bamut,Candelaria,Soledade,Yelizovo,Didi Lilo,Mayo Belwa,Campoalegre,Flores da Cunha,Chynadiyovo,Kímolos
431,Xiaochuan,Lupao,Isfara,Baoshan,Lakota,Borne Sulinowo,Yangtan,Dorp Antriol,Guapimirim,Bordeaux
432,Fengping,Pho Thong,Taiyuan,Kostopil’,Pangpang,Nishinoomote,Abidjan,Sanhe,Covas da Raposa,Qaffīn
433,Richmond,Carice,Zaokskiy,Jalpatagua,Daixi,Nagaoka,Maikawada,Cayara,Bianxiong,El Cacao
434,Jacupiranga,Dongzhang,Sioguí Abajo,Shaguotun,Machida,Qiangqinxue,Charlottenberg,Szczawno-Zdrój,Shkotovo,Alvalade
435,Stulovo,Tysmenytsya,Astypálaia,Rinang,Baishi,Lucapa,Longxing,Pepe,Podgornaya,Cajolá
436,Laoxialu,Matahuasi,Monte de Trigo,Meiyuan,Peteranec,Shimen,Šentvid pri Stični,Tsukuba,San José de los Remates,Xilin
437,Pontevedra,Stockholm,Ketovo,Kiruna,Tual,Podgortsy,Jocón,Maishi,Soito,Morales
438,Zhangdian,Na Di,Chernivtsi,Sidzina,San Isidro,Przystajń,Muonio,Salfīt,Belfort,Kusatsu
439,Quibal,El Llano,Santo Estêvão,Namasuba,Belogorsk,Seara,Khvalovo,Santa Elena,La Cruz,Götene
440,Chengjiao,Bistrinci,Khasavyurt,General Enrique Mosconi,Yengimahalla,Colonia Yguazú,Grevená,Čeladná,Kálamos,Shengrenjian
441,Tindog,Sainte-Thérèse,Villa La Angostura,Jiexiu,Katy,Falënki,Ipoh,Kribi,Nicola Town,Yishi
442,Lysekil,Marseille,Zawichost,Puerto La Cruz,Faraulep,Majia,Enewetak,Oyonnax,Cangchang,Yantan
443,Oslo,Pogorzyce,Bronnitsy,Dinggou,Wilwerwiltz,Aubagne,Ginir,Tiling,Truskavets,Mielec
444,Shuiying,Žalec,Liaodian,Sanlidian,Presidente Bernardes,Fengshan,Remedios,Mercedes,Uwa,Changtian
445,Francisco Villa,Melaka,Fuli,Trasak,Muang Xay,Joševa,Laya,Aknoul,Pulau Pinang,Ulricehamn
446,Caen,Alabat,Shediac,Bungoma,Voyinka,Shencang,Tayāsīr,Velykyy Klyuchiv,Triolet,Thạnh Phú
447,Gueltat Zemmour,Grand Bank,Sarongan,Kalix,Chirilagua,Piotrków Trybunalski,Awgu,Vřesina,Duba-Yurt,Bykhaw
448,Lundazi,Joubb Jannîne,Saint-Denis,Pereiros,Chaguaní,Krajan Tengah,Nepomuceno,Fafe,Jiangya,Dammarie-les-Lys
449,Niitsu-honchō,Semanding Barat,Lefkoniko,Gabès,Yushan,Lat Lum Kaeo,Orito,Bonneuil-sur-Marne,Liangnong,Merton
450,Bomadi,Shikhany,Tuusula,Pervomays’k,Carepa,Ostrov,Timashëvsk,Drajak,Yangsha,Daxinshao
451,Avon,Tarusan,Wadi,Dubăsari,Winnica,Helsingborg,Laiguangying,Ḩukūmat-e Shīnkaī,Honolulu,Pidvolochys’k
452,Sirnasari,Mt Peto,Novotitarovskaya,San Miguel,Bacem,Halmstad,Ancona,Tongtuan,Yangba,Shizunai-furukawachō
453,Ivano-Frankove,Malabago,São Paulo,Alto del Espino,Kuanghe,La Libertad,El Charco,General Martín Miguel de Güemes,Kota Bharu,Malummaduri
454,Terpsithéa,Itō,Daohe,Maqbanah,Žďár nad Sázavou,Depapre,Getulio,Šenov,El Mirador,Longquan
455,Bulupayung,La Unión,Menzel Bourguiba,Cuyotenango,Zhaocun,Novyy Urgal,Kłomnice,Jiexiu,Tak Bai,Galis
456,Heřmanův Městec,Carcar,Haukivuori,Irecê,Gordeyevka,Dingjia,Nikulino,Kylmäkoski,Maodian,Sawoi
457,Nakhabino,Stupino,Rybarzowice,Mardā,Wangong,Ngujuran,Syktyvkar,Ambulong,Francisco Villa,Jiuquan
458,Serravalle,Perístasi,Kantyshevo,Ngarus,Khanabad,Buniaga,Xylaganí,Wojciechów,Krajan Kidul Rojopolo,Lyubokhna
459,Zhongguan,Néos Oropós,Plato,Cana Chapetón,Castelo,Inírida,Aragarças,Stockholm,Taekas,Hor
460,Ipoh,São João das Lampas,San Pedro Masahuat,Port-au-Prince,Priyutovo,Repki,Silab,Ngampon,Masjid,Joaçaba
461,Cilegong,Houmen,Lok,Liutangting,Mindupok,E’erdun Wula,Xuchang,Longshan,Muara,Värnamo
462,Sansheng,Torre,Oued Zem,Ishikawa,Gromnik,Soufrière,Xin Bulag,Guanqiao,Mielec,Aughrim
463,Kutloanong,Xinzhou,Lebedyn,Yidu,Ulricehamn,Jieyang,Lagangilang,Rossosh’,Austin,Sundbyberg
464,Coté-Lai,Dolní Počernice,Mörön,Omurtag,Räpina,Wobulenzi,Boñgalon,Ugep,Ondangwa,Palkovice
465,Maromitsa,Langtang,Bandungsari,Linxi,Wonorejo,Larache,Yu’erhong,Kittilä,Zaragoza,Kukushtan
466,Zhongpai,Bobon,Bouca,La Romana,Pyrgetós,Nakhon Nayok,Praya,Srednebelaya,Borzechów,Tabatinga
467,Aubergenville,Qandala,Karney Shomron,Lüxiang,Sijing,Luojiang,Bigaa,San Carlos,Rustāq,Yakovlevo
468,Novaya Lyalya,Titay,Nacala,Richmond,Mojorejo,Dobrá,Akkol’,Hova,Liugou,Żelistrzewo
469,Hedaru,Courtaboeuf,Yinla,Laojieji,Hrvatini,Arboga,Garoua,Moju,Reshui,Aquin
470,Panique,Kudamatsu,Sumberpandan,Kemlya,Yefimovskiy,Laventure,Hetian,Boston,Pionerskiy,Gunung Timur
471,Yuanyang Zhen,Tobruk,Drawsko Pomorskie,Sokobanteng,Gulod,Santa Marcela,Labytnangi,Kasakh,Kadubadak,Jinzhou
472,Oygon,Qingshui,Dubai,Tabunok,Xinfang,Puerto Galera,Ganquan,Malaga,Moss,Ajman
473,Issoudun,Bei’an,Aygestan,Wenqiao,Ghurayd Gharamē,Yong’an,Qinling Jieban,Sacramento,Cordon,Kunów
474,Belo Horizonte,Ciusul,Awjilah,São José dos Pinhais,Shigu,Takaishi,Spånga,Fengyuan,Penza,Al Fashn
475,Barbalha,Ngeru,Ruda-Huta,Taoyuan,Anle,Göteborg,Vänersborg,Lumsden,Nowe Skalmierzyce,Sokol
476,Sidi Redouane,Irahuan,Degeberga,Łużna,São Miguel dos Campos,Bigaan,Ad Dimnah,Steblevë,Xinhang,Cikabuyutan Barat
477,Amarillo,Limbaži,Kizil,Uścimów Stary,Strasbourg,Mutum,Qazax,Wilczyce,Liudu,Kedungtaman
478,Xinglongchang,Montasik,São Mateus,Ozëry,Vlycháda,San Francisco,Kopen,Severodvinsk,Daytona Beach,Taosha
479,Vũng Tàu,Zhangwan,Gabao,San Fernando,Batur Kidul,Changliu,Kalemie,Parumaan,Zhongying,Longshan
480,La Paz,Phichai,Sinarbakti,Zhoukou,Kampungraja,Hougang,Agriá,San Juan Atitán,Mawu,Angostura
481,Caeté,Boychinovtsi,Donetsk,Karangkancana,Gubukjero Timuk,Nurabelen,Bordeaux,Beaconsfield,Maguwon,Kumla
482,São Miguel do Guamá,Esmeraldas,Ronov nad Doubravou,Jianmin,Jatisari,Skhodnya,Bungalaleng,Bandera,Moutfort,Las Lomas
483,Wufeng,Ziftá,Penticton,Tullyallen,Wurigelebur,Lyuban’,La Paz,Şūrān,Alue Glumpang,Chorkówka
484,Shamakhi,Sanshui,Rosario,Tai’an,Rautalampi,Pocokan Satu,Houston,Sosnovoborsk,Krasnogorskiy,Wilanagara
485,Bureng,Tanjungbahagia,Brejo Santo,Cali,Cheqiao,Aviles,Tonggakjati,Likupang,Port Moody,Nakovo
486,Tarīm,Néa Ankhíalos,Tanay,Xin’an,Duwayr Raslān,Serravalle,Tarczyn,Apongo,Duang,Ad Dasmah
487,Purral,Otyń,Buy,Mayantoc,Frederiksberg,Rasony,Karangmulya,Luján,Nanshi,Quận Phú Nhuận
488,Janiuay,Gouyan,Koh Kong,Warwick,Guilmaro,Al Jīzah,Haz-Zebbug,Šid,Kuzovatovo,Baş Göynük
489,Nepomuceno,Lidköping,Sacramento,Hauhena,Piła,Horton,Pýrgos,Mirsk,Korenovsk,Buchanan
490,Fresno,Pomahuaca,Zafar,Bang Saphan,Kapakabisa,Uherský Ostroh,Labé,Bindang,La Loma,Šabac
491,Hejiang,Rakvere,Rohia,Fenglu,Río Sereno,Dobrzeń Wielki,Ku‘aydinah,Beni Khiar,Iperó,Topolná
492,Zhengyangshan,Canhas,Daxbet,Tumaco,Mambalan,Seč,Bugang,Yangdian,Paraćin,Skanör
493,Estela,Uyovu,Toul,Fès,Jutiapa,Doroslovo,Chicama,Armenokhórion,Tugu,Ijuí
494,Wrząsowice,Kankara,Ngreco,Batan,Goundam,Miracema,Cergy-Pontoise,El Porvenir,Stockholm,Foúrnoi
495,Semikarakorsk,Nakusp,Yueyang,Niedźwiada,Currais,San Casimiro,Austin,Bendoroto,Villeneuve-d'Ascq,Vitry-sur-Seine
496,Purísima,Santa Nino,Ondores,Sumurgeneng,Lubochnia,San Francisco,Lubu,Jrashen,Vilémov,Nikopol
497,Kassel,Placetas,Dhrosiá,Khok Charoen,Fucheng,Jianli,Jacksonville,Ribeiro,Laguna de Perlas,Ōnojō
498,Sruni,Sandymount,Xindeng,Bang Sai,Kosava,Mandal,Malczyce,Itajubá,Aksu,Shangcunba
499,Oetua,Wukang,Stylída,Zhouhu,James Craik,Östersund,Budapest,Boudinar,Carregal,Talakag
500,Gýtheio,Fermelã,Opatovice nad Labem,Vangaindrano,Ban Phan Don,Panitan,Cibaregbeg,Lingshan,Xichang,Chicago
501,Velyki Kopany,Yangxi,Natu,Boden,Trabulheira,Qingyuan,Velykyy Klyuchiv,Noyon,Bellavista,Vårby
502,Xinzhaiping,Okcheon,Fryčovice,Wantian,Gulai,Gif-sur-Yvette,Praszka,Kokoshkino,Cimuncang,Tungoo
503,San José de Jáchal,Hallsberg,Shuangjing,Ariguaní,Gaoqiao,Xihu,San Agustín de Valle Fértil,Dieppe,Ningzhong,Longwei
504,Lápas,Ncue,Palmeira,Shuiyuan,Haitang,Pirapo,Huaqiao,Ravne na Koroškem,Kecskemét,Santa Rita
505,Simeykyne,Salinas,Gerdu,Mabugang,Hongsung,København,Baoquanshan,Anse Boileau,Irapa,Mabini
506,Lubichowo,Sacotes,Eaubonne,Amizmiz,Jinchang,Lewokluok,El Hamma,Tianzhu,Falun,Pyu
507,Huangjiakou,Jhang Sadr,Libenge,Kingston,Ukmerge,Huangascar,Sanshan,Iranduba,Nampicuan,Hrazdan
508,Fukiage-fujimi,Takatsuki,Boliney,Mauá,Hainan,Eldoret,Quesada,Orsay,Nuwaybi‘a,Longlisuo
509,Sbo’o,Heshan,Minneapolis,Nice,Kramators’k,Maojia,Senada,Buritizeiro,Al Madān,Timbaúba
510,Isabela,Ciudad Arce,Santa Ana,Singabarong,Asunción Mita,Bystra,Pyongyang,Huiyuan,Santa Cruz,Novotroitsk
511,Pećigrad,Shangchewan,Fakel,Huanghuatan,Bafoulabé,Dąbie,Leigongjian,Kuching,Yishan,Bijie
512,Tatariv,Villeneuve-la-Garenne,Shuangshi,Serra,Ténenkou,Géfyra,Sobienie Jeziory,Yuto,Tula,Lyubokhna
513,Manturovo,Ypacarai,Toyokawa,Jaguaquara,Maukaro,Arivonimamo,Tengah,Clearwater,Ébolowa,Tejar
514,Muqi,Zwettl,Xinmin,Pasonobenu,Belén,Jidong,Daphu,Imotski,Riangkroko,Tidaholm
515,Pinggan,Lianhe,Pasinan Barat,Kalumpang,Tambir,Roanoke,Nong Bua Daeng,Sicaya,Tarvasjoki,Tiassalé
516,Mizhirah,Rio Branco,Yampil’,Siheyuan,Kelaniya,Taibai,Aparecida de Goiânia,Zhoujiaba,Basel,Shijiazhuang
517,Tiandian,Tamot,Montpellier,Sīrīs,Aricapampa,Maevatanana,Astara,Teupasenti,Murcia,Niedźwiedź
518,Kebunkelapa,Zougang,Xiaoqi,Chengjiao,Nanjie,Maliang,Bošovice,Gangshangji,Bangekdewa,Zheleznogorsk
519,Södertälje,Pułtusk,Sydney,Weicheng,Silute,Paris La Défense,Maruoka,Limulan,Xianyuan,Verkhnyaya Khava
520,Xincheng Chengguanzhen,Al Wajh,Марино,Adelaide Mail Centre,Älvsbyn,Hofors,Sherwood Park,Belozërskoye,Dalmacio Vélez Sársfield,Masaling
521,Smolenka,Lenningen,Sagarejo,Aucayacu,Garies,Geshan,Chợ Gạo,Trogan Barat,Eckerö,Gaphatshwe
522,Semypolky,Andekantor,Phrae,Szprotawa,Lijia,Banakaja,Vale de Madeiros,Hà Tĩnh,Yavne,Krasnyy Oktyabr’
523,Viñac,Sakura,Ínfias,Bailan,Houxixi,Antipolo,Kostinbrod,Shuitou,Rokytne,Linshui
524,Sakata,Volksrust,Nova Kakhovka,Pindi Bhattiān,Ransang,Knivsta,Yili,Sopla,Yunluo,Tumen
525,Manisi,Mantalongon,Primero de Enero,Drzewica,Tangkilsari,Pangkalanbuun,Dimitrovgrad,Dadaha,Huichang,Magisterial
526,Xiaotang,Jardín,Minneapolis,Danauparis,Kéfalos,Telsiai,Dhahab,Bagjasari,Yanhu,Atlanta
527,Petaling Jaya,Kourou,Zwolle,Caper,Batarasa,Namballe,Cametá,Petite Rivière de Nippes,Eaubonne,Parakanpanjang
528,Saint-Leu-la-Forêt,Šentrupert,Dahu Satu,Mpophomeni,Oulmes,Louguan,Xilian,Yuqian,Nybro,Partang
529,Belköl,Akzhal,Tyrawa Wołoska,Chifeng,Sendangagung,Payao,Lasehao,Kahabe,Hongsipu,Šentilj v Slov. Goricah
530,Montgomery,Zhenwen,Budapest,Brooklyn,Topchikha,Yantianhe,Xucheng,Vreshtas,Chişinău,Baisha
531,Huoshaodian,Zhuangta,Colombo,Oberá,Nikolayevka,Patrang,Taquile,Kthella e Epërme,Peuteuy,Xiadingjia
532,Foča,Pār Naogaon,Artsvanist,Wŏnsan,Cotuí,Pekalongan,Whitehorse,Pęczniew,Dingshan,Yangon
533,Christiana,Shangma,Zarzis,Dawuhan,Tuanlin,Tiecun,Aviá Terai,Rychtal,Sechenovo,Urug
534,Jijiang,Smederevska Palanka,Naagas,Červená Voda,Křížová,Rancasadang,Tabora,Ōtsu-shi,Lương Bằng,Tilburg
535,San Diego,Aigínio,Banjar Banyuning Barat,Kebunan,Boshi,Nova Era,Tekstil’shchiki,Ciudad Nueva,Ilhéus,Poligny
536,Golema Rečica,Tianxin,Kota Bharu,Puerto Boyacá,Ansheng,Pamatang,Cerca la Source,Kargasok,Kashira,Lirung
537,Vodyane,Bom Despacho,Karlivka,Gununglajang,Karak,Dongting,Río Gallegos,Bègles,Budzów,Datong
538,Kirkkonummi,Sade,Mierzęcice,Alcaria,Överkalix,Maykopskoye,Svecha,Kongwan,Villa Hayes,Kaum
539,Vitrolles,Zhouji,Khao Yoi,Gumalang,La Asunción,Iguape,Andong,Couço,Volodars’k-Volyns’kyy,Takengon
540,Potosí,Shengping,Moppo,Konggar,Ebaye,Charleville-Mézières,Paço,Kalashnikovo,Blois,Simpang
541,Changtan,Efkarpía,Jisegumen,Portariá,Cahul,Koryukivka,Sapeken,Nayak,Hekou,Fatualam
542,Gande,Thị Trấn Mù Cang Chải,Chyhyryn,Marfino,Dafundo,Rivera,Adela,Hägersten,West End,Albany
543,Tatarka,Bystřany,Huangtan,Hyesan-si,Xueshan,Quintã,Mendefera,Quípama,Kinshasa,Stockholm
544,Trzciana,Shatoja,Shuangxing,Bordeaux,Xinying,Shajing,Turbiv,Banī Khallād,Wólka Pełkińska,Limbe
545,Berezayka,Ýpsonas,Kutamandarakan,Taiping,Fonte,Jastrebarsko,Cola,Krajan Waturoyo,Boafeo,Finspång
546,Jiaotang,Dzüünharaa,Masons Bay,Mori,Miraflores,La Breita,Kalayemule,Puente Nacional,Quesada,Santa Lucia
547,Changqi,Rancabelut,Culianin,Atlanta,Obertyn,Camgyai,Alcainça,Jasaan,Ar Ruḩaybah,Richard-Toll
548,Lyski,Shuinan,Santo Niño,Zuogaiduoma,Heqing,Aoyang,Ḩātim,Svislach,Piripiri,Colquechaca
549,Sanli,Zitong,Mooirivier,Dapo,Pilcuyo,Petrovice u Karviné,Weiguo,Kiyevskoye,Gading,Billdal
550,Guamal,Sindi,Prince Albert,Phetchabun,Mehrābpur,Kunda,Xiwanzi,Banjar Paangkelod,Mito-shi,Älvsjö
551,Korets’,Adolfo Ruiz Cortines,Varaždin,Shuangkou,Conceição do Coité,Lae,Nantes,Satipo,Shangjia,Uppsala
552,Meishan,Tapera,Tignoan,Yangp'yŏng,Daguyun,Gorzyce,Barra do Garças,Divača,Holoriang,Terawas
553,Shadrinsk,Vojnić,Meitang,Străşeni,Gōdo,Boawae,Mboursou Léré,Ruoqiang,Aktau,Znamenskoye
554,San Pedro Carchá,Växjö,Khorlovo,Kosai-shi,Jõhvi,Berëza,Peteranec,Sambogunung,Téra,Vylkove
555,Lap Lae,Antigonish,Uglich,Gīdolē,Zhuangbian,Jablonec nad Jizerou,Cintra,Shuangtang,Kuching,‘Ibrī
556,Al Maḩallah al Kubrá,Kutamandarakan,Soure,Krajan Baru,Watangan,Phu Sang,Sumisip,Antas,Nizhniy Dzhengutay,Luwingu
557,Lufang,Tonantins,Jinhe,Tower,Moche,Jiuheyuan,Fenoarivo Atsinanana,Toba,Kansas City,Kinango
558,Yelizavetinskaya,Neqāb,Chegang,Pliska,Ar Rābiyah,Banqiaodian,Zhetang,Calbuco,Reykjanesbær,Jingyang
559,Soio,Jiahe,Gungguh,Shizunai-furukawachō,Mariposa,Ximafang,Bundoran,União,Zhangduangu,Krasne
560,Naikoten Dua,Đoan Hùng,Santa María del Real,Baracoa,Carania,Sang-e Chārak,Oguma,Cincinnati,Pombas,Rezé
561,El’brus,Uritsk,Żyraków,Yingshouyingzi,Daveluyville,Dzerzhinsk,Gamping Lor,Trzebunia,Morón,Borlänge
562,Kragujevac,Tegalsari,Monte-Carlo,Pavlohrad,Kapsabet,Novyy Oskol,Harhorin,Xingdian,Hino,Perth
563,Harrison Brook,Moog,Curibaya,Sukaraja,Choca do Mar,San Juan de Planes,Lyubymivka,Kunvald,Baruchowo,Vatutino
564,Zhongdeng,Arevik,Cihurip Satu,Wumahe,Ijūin,Sabana Grande,Chile Chico,Fanyang,Longtanping,Sucre
565,Kosiv,Veselí nad Lužnicí,Shangtuhai,Shchëkino,Mýrina,Cuauhtemoc,Souillac,Dahe,Cap Malheureux,Cortinhas
566,San Francisco,Tyret’ Pervaya,Beja,Guicheng,Chetian,Madrid,Huayang,Pocito,Arles,Illela
567,Samho-rodongjagu,Tyarlevo,Annapolis,Novosheshminsk,Zlynka,Dateng,Fucun,Huagang,Kambatatamakawu,Tierra y Libertad
568,Jagong,Osekovo,Lucapa,Gwangjeok,Tabiauan,Yayao,Hüremt,Carodok,Gunungpeundeuy,Cisek
569,Shoushan,Luoqiao,Arue,Postojna,Linoan,Skärholmen,Butigui,Milano,Tigaon,Sholokhove
570,Skulsk,Vilkija,Norrköping,Mengxi,Longtang,Limoges,Tangkou,Hougong,Daming,Krajan Waturoyo
571,Padre Paraíso,Svetlyy,Pak Chong,Mingshuihe,Debre Sīna,Napnapan,Inuyama,Shuanghe,Calgary,Rejowinangun
572,Cuauhtemoc,Masma,Ganjiachang,Les Abymes,Baoji,Anfusi,Maripipi,Marilao,Tanahbeureum,Xinjie
573,Marieville,Tlatah,Hukvaldy,Sezures,Vysokovsk,Perico,Kuala Lumpur,Haparanda,Metallostroy,Cuyotenango
574,Biris Daja,Shuyuan Zhen,Ramanavichy,Balgatay,Remscheid,Wuchagou,Shipu,Foz do Iguaçu,Sila,Xuedian
575,Suai,Starokucherganovka,Kazanskoye,Calaoagan,Jinshan,Birao,Tinambac,Halimpu,Hang Dong,Zuocun
576,Qinnan,Eldoret,Comilla,Fómeque,Shatoujiao,Hongyan,Borås,Karakulino,Wangcao,Virje
577,Novovolyns’k,Sever do Vouga,Gniezno,Cayara,Bojano,Rungkang,Port Saint John’s,Yulin,Fraga,Anshan
578,Bolo,Siguinon,Sindi,Andradina,Jieshou,Mutis,Kepoh,Ar Rudayyif,Próti,Kebili
579,Nguru,Shangtang,Hila,Sindi,Birigui,Tianyi,Pasirtujuhpuluh,Zhigulevsk,Kizel,Ad Darbāsīyah
580,Oued Zem,Jixian,Kende,Cuiabá,Timoulilt,Tabunok,Santa Cruz Muluá,Pont-Rouge,Gatbo,Fengle
581,Cinangsih Satu,Jamaica,Khvorostyanka,Condado,Pirajuí,Port Elizabeth,Lyon,Bechyně,Susuman,Gaoxing
582,Lotoshino,Sinyavino,Paseka,Jiusi,Ágio Pnévma,Panadura,Ciro Redondo,Lagodekhi,Yola,Hamamatsu
583,Huangqiao,Plaju,Volosovo,Rajhradice,Arvika,Przybiernów,Cisadap,Burevestnik,Carreira,Tanggung
584,Sagarejo,Hongcao,Chão,Cikijing,Pervomayskiy,Kapshagay,Banjar Bau Kawan,Radiměř,Nekhayevskiy,Wete
585,Koanara,Great Neck,Taiyang,Kebonkaret,Pagak,Limboto,Bograd,Promyshlennaya,Lanshan,Burgaltay
586,Blagnac,Šmartno pri Litiji,Bilajer,Youludu Sibage,Manique,Potou,Cangkeuteuk Sabrang,Dongxiang,Bail,Aricapampa
587,Bhimbar,Keelung,Koblain,Punolu,Rudo,Utrecht (stad),Shums’k,Ikongo,Tsotsin-Yurt,Palaífyto
588,Letsheng,Vakhtan,Revolucion Verde,Babao,Shuanghe,Shuangqiao,Eslāmābād,Bayanhoshuu,Rancageneng Satu,Posse
589,Cayur,Guacara,Heyan,Candelaria,Mzuzu,Huatai,Mpanda,Saint-Priest,Piła,Chōfugaoka
590,Sirnasari,Centre de Flacq,Malawag,Castries,Zhangcun,Baiba,Londrina,Pevek,Malasin,Bình Minh
591,Torrijos,Padangulaktanding,Yilongyong,La Loma,Shiwan,Guiset East,Nová Cerekev,Steinkjer,Fajã de Cima,Utarapasar
592,Lufang,Bultfontein,Bandar-e Māhshahr,Pereira Barreto,Shanga,20 de Noviembre,Gunungpeundeuy,Amphoe Sikhiu,Bondoufle,Castellon De La Plana/Castello De La Pla
593,Clermont-Ferrand,Gustavsberg,Shangqiu,Jiaojie,Valencia,Liyang,Mogadishu,Santa Barbara,Cam Lâm,Gebre Guracha
594,Ermelo,Ōhara,Tamaulipas,Bitola,Kawagoe,Serednye Vodyane,Ukhta,Petrovo-Dal’neye,Tongqing,Frei
595,Karátoulas,Zhangdu,Poços de Caldas,Xingshou,Söderhamn,Dayushu,Rengo,Zhujiang,Corga,Macheke
596,Obudovac,Liandu,Tours,Horad Krychaw,Áno Kómi,Khafizan,Verkhniye Achaluki,Lenakapa,Lagarto,Lixu
597,Vårdö,Annaka,Medianeira,Shuiying,Pesisir,Yauca,Nikol’sk,Caringin,Liverpool,Baimiao
598,Genting,Sapol,Babiak,Anbyŏn-ŭp,Kulary,Lakeland,Barra do Bugres,Shuikou,Xiangying,Gaoqiao
599,Now Zād,Shah Alam,Limenária,Moutsamoudou,Giebułtów,Kajan,Areeiro,Iksha,Zarqa,Ndago
600,Sobrosa,Itaqui,Wenquan,Rouen,Timezgadiouine,Uglegorsk,Khōst,Zharrëz,Iracemápolis,Del Valle
601,Puerto Asís,Pemzashen,Impalutao,Indianapolis,Changma,Yaroslavl,Prokhladnyy,Quixadá,Gorobinci,Velika Kladuša
602,Watulabara,Chornobay,Ochakiv,Paris 19,Bagay,Serrana,Na Tan,Witzenhausen,Tisno,Huacaschuque
603,Sundsvall,Kutum,Menzel Abderhaman,Ticrapo,Tenri,Futtsu,Santa Adélia,San Juan Bautista,Cisarap,Huangtang
604,Ryazhsk,Mburukullu,Patong,Suizhou,Santa Monica,Sāh,Cevicos,Şabrātah,Kota Bharu,Sinamaica
605,Karlshamn,Kyrylivka,Tebanah,Boliden,Saḩab,Orlovskiy,Västerås,Staré Křečany,Rzyki,Ichuña
606,Quimper,Tangxi,Campo Belo,Batuidu,Moro,Fengdian,Panoongan,Nasilava,Morje,Konde
607,Hrušovany u Brna,Hongping,Birmingham,Longueuil,Novo Horizonte,Ala-Buka,Phalaborwa,Pathum Ratchawongsa,Italó,Alamar
608,Ust-Maya,Torino,Sibubuhan,Dek’emhāre,Xiugu,Istaravshan,Rockford,Konibodom,Cegłów,Budapest
609,Huapi,Ialibu,Zhongshi,Kruševo,Notre-Dame-des-Prairies,Novosel’ye,Kara,Tsenher,Yi’an,Bardīyah
610,Coronel,Łagów,Poli,Rafael Hernandez Ochoa,Mafa,Atap,Mhamid,Siluman,Gorelki,København
611,Quinua,Plakhtiyivka,Infonavit,Panan,Luozhou,Vejprnice,Komga,Luoqi,Storozhnytsya,Villa Francisca
612,Yushanpu,Horní Suchá,Safakulevo,Yafan,Perístasi,Yichun,Webuye,Oro Timur,Junshan,Kalix
613,Heydərabad,Lubao,Nawu,Hang Dong,Ariguaní,Celorico de Basto,Macaíba,Bayramaly,Kura,Freiria
614,Boa Esperança,Bratislava,Kroonstad,Descalvado,Cabatuan,Václavovice,Kepoh,Giporlos,Léchovo,Quatre Bornes
615,Krahës,Chittagong,Hägersten,Qiqin,Lekaj,Bourges,Den Chai,Konārak,Kyoto,Bangunharja
616,Tula,Sidayu,Ciracap,Hörby,Tahala,Yicheng,Roberval,Tiyingtali Kelod,Wewit,Gyangqai
617,Kashima-shi,Kamba,Mora,Ouahigouya,Hamm,Cicayur,Dong Charoen,Breia,Koryčany,Binagadi
618,Sima,Catarina,Wootton,Ketapang,Baitao,Bulihan,Sabon Gari-Nangere,Vila Alva,Beigou,Nong Phok
619,Jablonné nad Orlicí,Tai Po,Lubuk Sikaping,Orda,Sutukung,Shun’ga,Horka nad Moravou,Kadusirung Hilir,Alcoutim,Suruhan
620,Paprotnia,Kanghe,Saryözek,Eskilstuna,Pyinmana,Malalag,Blimbing,Uppsala,Tongjing,Belém
621,Asker,Mosty,Jinsha,Puputan,Xijiang,Rezé,Oslo,Encruzilhada do Sul,Iwata,Monte-Carlo
622,Staré Hradiště,Ordzhonikidze,Yanweigang,Kachug,Ampanihy,Ardabīl,Tinabogan,Nicoya,Torbeck,Jebba
623,Queluz de Baixo,Taihe,Guadalupe,Černilov,Stockholm,Allanridge,Tabio,Belo Blato,Kafr ad Dawwār,Sudimara
624,Novopavlovsk,Tampa,Xinzhai,Jistebník,Huangshi,Seremban,Galis,Luboń,Dajabón,Wŏnsan
625,Khon Buri,Letsheng,Kampong Chhnang,Desnogorsk,Kil,Huanglong,Lashkar Gāh,Chaltyr,Quxi,Gotputuk
626,Veguitas,Yingzhou,Sammatti,Memphis,Jinbi,Balingueo,Radeče,Pomahuaca,Pico Truncado,Tangxian
627,Tama,Palmito,Emiliano Zapata,Spirit River,Nixi,Paris 15,Chaínça,Katipunan,Pexiligais,Qarqīn
628,Bratsigovo,Abaeté,Huatanshan,Verblyany,Cishan,Niujiang,Sarata,Périgny,Biny Selo,Kalangan
629,Palaihari,Pyu,Yaroslavskiy,Plan de Ayala,Qushi’an,Palermo,Indulang,Pasirbatang,Dampol,Paldit
630,Vose’,Ebak,Huolu,Fuquan,Haodi,Berezanka,Langsepan,Okahandja,Estreito Câmara de Lobos,Veselí nad Moravou
631,Zastávka,Lons-le-Saunier,Monastyrishche,Saint-Louis du Nord,Xiongguan,Turtas,Santa Magdalena,Shahumyan,Shahrisabz Shahri,Jiaocha
632,Torbeyevo,Langkapcaang Hilir,Rio de Mouro,Vaughan,Tikhvin,La Soledad,Taekas,Kalabahi,Kole,Jingmen
633,Ricardo Flores Magon,Ichupampa,Canggetelo,Clearwater,Compostela,Bitola,Campo,Petropavlovskaya,Sydney South,Siparia
634,Shimen,Volkhovskiy,Colonia Yguazú,Baolong,Ubon Ratchathani,Liurenba,Ivry-sur-Seine,Kudang,Åmål,"Brgy. Nalook, kalibo"
635,Perth,Zhangfeng,Jiahe,Yaozhanzi,Kadugadung,Tokār,Avelar,Lourdes,Bida,São Félix do Xingu
636,Três Lagoas,Santa Maria,Hluhluwe,Tacuatí,Granville,Itápolis,Marovoay,Jingtailu,Sukasenang,Saint-Avertin
637,Varva,Krajan C Wonorejo,Barbudo,Chegdomyn,Cerro Blanco,Taoyuan,Polyarnyy,Baruunturuun,Vol’no-Nadezhdinskoye,Nizhnyaya Tura
638,Roskoshnyy,Skomielna Czarna,Ilha Solteira,Sidorejo,Linao,Shiguai,Stockholm,Macarse,Malasugui,Guay
639,Skrzydlna,Marcovia,Semënovskoye,Pointe Michel,Parrita,Hoit Taria,Balungao,Maria,Pamoyanan,Puerres
640,Fenshui,Nybro,Baki,Huikou,Xinji,Hoçisht,Cliza,Bardīyah,Linshui,Huaqiao
641,Dongming,Mazkeret Batya,Ntoroko,Agadez,Czarna Woda,Maracaçumé,Yabrūd,Verkhniye Kigi,Rodas,Sokolac
642,Novovolyns’k,Ad Dimnah,Paris 06,Ipoh,Tual,Gorbatovka,Tmourghout,Vogar,Los Frentones,Boro
643,Cigaleuh Kulon,Margos,Hongxi,Meget,Gunungmenang,Carregal,Nkhotakota,Melfort,Vostok,Masipi West
644,Krajan Jabungcandi,Karobokan,Kayima,Tatuí,Sacsamarca,San Francisco,Kholmsk,Tangkeng,Mendes,Damatou
645,Frederiksberg,Lutun,Belica,Paarl,Yima,Lyuboml’,Anling,Xiaohekou,Wilamowice,Champerico
646,Wuqishan,Chinchaypujio,Hispania,Donnacona,Sabbah,Kurayoshi,Gafargaon,København,Qiaonan,Causip
647,Xinfang,Guiset East,Ngamba,Sychëvo,Eystur,Pangguang,Gao’an,Psary,Tena,Bo Phloi
648,Volot,Bang Kruai,Tsalgar,Sokolac,Utkivka,Cibitung,San Antonio,Ituverava,Ögöömör,Strängnäs
649,Xinmin,Cambanay,Calingcuan,Emiliano Zapata,Bulembu,Kalangala,Gengqing,Anle,Jõhvi,Dmitriyevskoye
650,Kainantu,Juncalito Abajo,Thanh Chương,Gombong,Pangkalan,Biskamzha,Koncang,Yala,Zhonggang,Mabalacat
651,Blagodatnoye,Ezeiza,Gorna Oryakhovitsa,Sumberingin Kulon,Kota Bharu,Heqian,Gamboula,Paris 13,Anping,Chicago
652,Jombang,Moholm,El Bolsón,Landskrona,Mboursou Léré,Suzdal’,Zhoujiang,Az Zawr,Zhongdong,Hitiaa
653,Kolo,Longonjo,Chilecito,Lingyuan,Mutis,Almoínhas Velhas,Dimiao,Sinjhoro,Daji,Kozhevnikovo
654,Rabāţ-e Sangī-ye Pā’īn,Las Animas,Ruda Maleniecka,Bira,Bouaflé,Rezh,Pakel,La Cruz,Fomento,Chuanshan
655,Pereleshino,Tepal,Huangbu,Radzanów,Vila de Rei,Tbilisskaya,Yartsevo,Sobotka,Madīnat Lab‘ūs,Jayune
656,Pasian,Angra do Heroísmo,Imbang,Tarangnan,Tongda,Amiens,Panggunguni,Hengxianhe,Mošorin,El Tablón
657,Paagahan,Čoka,Hōfu,Novo Aripuanã,Hexi,Itaporanga,Amizmiz,Kitimat,La Plata,Decatur
658,Bobadela,Jipijapa,Kupino,Louisville,Jetis,Himanka,San José de Jáchal,Ganja,Fort Portal,Ābdānān
659,Gabaldon,Liujiachang,Angoulême,Wanli,Selkirk,Pakuncen,Severomorsk,San Isidro,Tohautu,Nam Sách
660,Rovnoye,Saint-Étienne,Bagahanlad,Novo Cruzeiro,Kanginan,Tiron,Aráchova,Pinhal de Frades,Langarūd,Kaélé
661,Xinzhuang,Tost,Himanka,Sungairaya,Vyborg,Tanjungbalai,Ibarra,Qingzhou,Cakran,Wleń
662,Minas de Oro,Jahrom,Mlowo,Don Mueang,Naagas,Laoliangcang,Orlando,Marseille,Xin’an,Zhoupu
663,Xinshi,Kampokpok,Bruzual,Shiziling,Kryvyy Rih,Miguel Pereira,Petite Anse,Aracruz,Cabittaogan,Oula Xiuma
664,San Vicente de Moravia,Bodzechów,Naikoten Dua,Laxou,Coolock,Aurora,Roboré,Dzikowiec,Motomiya,Bang Phlat
665,Cao Thượng,Corumbá,Oleksandrivka,Angered,Qaryat al Qābil,Philadelphia,Avon,Sukodono,Debar,Bukal
666,Botucatu,Kedawung,Wahang Dua,Sanzhou,Nakhodka,Sinarbakti,Banyutengah,Jargalant,Acaraú,Funaishikawa
667,Ríohacha,Santa Maria,Evijärvi,Boulaouane,Yinghai,Fangqiang,Socabaya,Vryburg,Tân Phú,San Manuel
668,Pachīr wa Āgām,Divichibazar,Inhambane,Galitsy,Linares,Shemonaīkha,Bansko,Gränna,Trat,Nerk’in Getashen
669,Båstad,Xiaoqi,Rio de Janeiro,Dongdong,Shidu,Qutun,Ereira,Barajevo,Sigetec,Drammen
670,Orange,Āsbe Teferī,Gaoqiao,Guarapari,Pozo Hondo,Chama,Maru,Ningxi,Ban Muang,Boroko
671,Putina,Gugark’,Rundeng,Tibati,Prior Velho,Río Blanquito,Przeworsk,San Antonio,Manga,Baranów
672,Chagang,Concordia,Jiulong,Nagqu,Mtsensk,Smederevo,Jiangkou,København,Sorinomo,Göteborg
673,Muarapinang,Wendo,Paris 18,Gap,Mongu,Katrineholm,Socorro,Mariestad,Umeå,Trenggulunan
674,Anaráchi,Cabak Satu,Matai,Orange,Araal,Satowebrang,Barra do Bugres,Xike,Sacramento,Debrecen
675,San Vicente,Nazaré da Mata,Rimbo,Rizó,Slobodka,Vellinge,Changyŏn,Yayva,Pirassununga,Jiangdong
676,Ell,Minami-rinkan,Aţ Ţaybah,Balqash,Xicheng,Yujiao,Tsotsin-Yurt,Söderköping,Renyi,Yoshkar-Ola
677,Laspezia,Zhangjiapan,Labuhansumbawa,Carhuamayo,Kutapanjang,Beregovoy,Morje,Mas‘adah,Sudogda,Pingyang
678,Jiangxiangzhen,Llusco,Mababanaba,Diawara,Gumalang,Askainen,Malasin,Kolomak,Wenfang,Jinbo
679,Bagjasari,Imeni Babushkina,Weepanapi,Gjøvik,Río Segundo,Chaumont,Nahiyat Ghammas,Toshbuloq,Shangma,Paraíso
680,Plalar,Paagahan,Tibati,Heitan,Carcar,Balbalan,El Paso,Harembo,Paragominas,Potiskum
681,Yuqi,Ngchesar Hamlet,Lazaro Cardenas,Masma,Blumbang,Dolní Bojanovice,Bebekan,Bourges,Hesheng,Newport News
682,Xibër-Murrizë,Ujazd,Soest,Larvik,Uzdin,Huangshi,Jinta,Shinaihai,Klagen,Tarumizu
683,Dobra,Zhongluotan,Fort McMurray,Waiklibang,Pecka,El Calvario,Jubung,Bandjoun,Velyki Mezhyrichi,Wulong
684,Três Corações,Lansing,Fabianki,Kitango,Tinaco,Kilim,Paris 11,Pochuta,Stutterheim,Besko
685,Poissy,Lodwar,Volokolamsk,Belyy Gorodok,Bugcaon,Chư Prông,Kyzyl,El Pardo,Banjar Tibubiyu Kaja,Makhalino
686,Richky,Burqah,Kangān,Banī an Nahārī,Sandwīp,Oxbow,Las Tejeras,Sacramento,Paris 06,Dongchengyuan
687,Ladozhskaya,George Hill,Jiaoxie,Dingtou,Onan Ganjang Satu,Dundrum,Fuxing,Solna,Otukpa,Matlang
688,Springfield,Matsumoto,Busia,Parreira,Lasehao,Okinawa,Kukoboy,Ţāmiyah,Anastácio,Colos
689,Lancar,Sabnie,Baiquan,Kansas City,Dallas,Qingyun,Odawara,Sovetskaya Gavan’,Daxindian,Biecz
690,Shentang,Stockholm,Iradan,Shypyntsi,Eindhoven,Laxey,Lapa do Lobo,‘Afrīn,Boconó,Santos
691,Libertad,Anápolis,Chishtiān Mandi,Moche,Longzhouwan,Yanqi,Tiztoutine,Kishiwada,Paghmān,Hualingang
692,Grojec,Bāniyās,Āshtīān,Yunxi,Liucun,Quế Sơn,Chandal Bā’ī,Cijapar,Angers,Waimangura
693,Fujioka,Pyu,Nyalindung,Chengnan,Waiklibang,Alcaria da Serra,Krajan Karanganyar,Uubulan,Palmital,Lannion
694,Mastung,Qingguang,Bolotnoye,Volnovakha,Vegachí,Atamyrat,Sajan,Margaharja,Lelekovice,Xiagong
695,Židlochovice,Dongtang,Bakersfield,Arauco,Changgai,‘Ibrī,Rongwo,Pejibaye,Stockholm,Princeville
696,Jalālābād,Caojia,Nanqi,Chesapeake,Kabo,Chaoyang,Mboursou Léré,Lingqian,Puro,Sobreira
697,Kimanuit,Łysomice,Kamba,Vatutino,Stockholm,Vinica,Mégara,Sabang,Bolilao,San Carlos
698,Novhorodka,Jinling,Majiao,Cikulina,Cherryville,Phu Luang,Makiwalo,Kozhanka,Mambulo,Santa Cruz Muluá
699,Évry,Savyon,Cerrito,Fram,Gojō,Pushkinskiye Gory,Iligan City,Cangshan,Taoyuan,Fuvahmulah
700,Peimei,Aquin,Deder,Oslo,Parigi,Kabanga,Kanbe,Bertioga,Shahezi,Riversdale
701,Krujë,Karangtengah,Kurba,Bungbulang,Priupskiy,Bandungan Timur,Pechora,Dalu,Carpiquet,Samokov
702,Nyíregyháza,Takum,Unden,Porto Ferreira,Pridraga,Koloniya Zastav’ye,Mahong,Puerto de Nutrias,Eksjö,Shuiquan
703,Azua,Dake,Tiel,Shilovo,Burgos,Sogcho,Ponte,Savigny-le-Temple,Ekibastuz,Nggelok
704,Špišić-Bukovica,Jiujie,Criciúma,Sovetskoye,Lawrenceville,Valbo,Druju,Nashville,Deskáti,San Juan del Surutú
705,Nanhuatang,Ágios Geórgios,Acacías,Xianghe,Postupice,Azogues,El Pino,Huili,Marondera,Gandu
706,Garibaldi,Andrushivka,Las Tablas,Bang Yai,Dapaong,Sịa,Muqui,Żelistrzewo,São Félix do Xingu,Waepau
707,Changxing,San Agustín de Valle Fértil,Dobrica,Katsikás,Sanhe,Södertälje,Yongxing,Salām Khēl,Babiak,Carpenter
708,Borovichi,Tubigan,Mursaba,Dallas,Pakel,Sochi,Oenam,Portachuelo,Donggong,Polo
709,Banqiao,Chiguang,Sidamukti,Stuttgart,Chernyshevsk,Maindang,Whitchurch,Tilburg,Mulatupo,Villaviciosa
710,Kiltamagh,Besançon,Djambala,Gryfino,Fermelã,Pulau Pinang,Sizhou,Gagarin,Phúc Thọ,Kangar
711,Fontanka,Changbai,Pul-e Sangī,Fenchen,Qiryat Yam,Těšany,Gannan,Novorossiysk,Lanshan,Llocllapampa
712,Fuzhiping,Ladário,Chengqiao,Al Muharraq,Khulo,Xitou,Kumlinge,Dayr Mawās,Kuala Terengganu,Karangpawitan
713,Trat,Ueda,Borovlyany,Kosmach,Guisguis,Dizhai,Nova Odesa,Shouzhan,Tabouda,Lyon
714,Hongmiao,São Caetano do Sul,Daishan,Dębno,Changzheng,Dobrljin,Yangsan,Guiglo,Luo’ao,La Cruz
715,Bilhorod-Dnistrovs’kyy,Niafunké,Uva,Hotaka,Bugojno,Yezhi,Vila Nova de Gaia,Qingu,Cherëmukhovo,Butwāl
716,Verkhniy Mamon,Inčukalns,Planá,Oka,Wonodadi,Vilhena,Mosteiro,Huoli,Budapest,Xuanhuadian
717,Kurchatov,Honoria,Huaqiao,Saint-André-Avellin,El Bolsón,Baomin,Ban Na,Karangtalun,Molinos,Magok
718,Dakoutun,Akita Shi,Älvdalen,Sadao,Bernal,Sandweiler,Dabao,Amsterdam-Oost,Nikkō,Zelenodolsk
719,Tinampo,Tulsīpur,Shahe,Yuanling,Färgelanda,Wufeng,Pekuwon,Guihulñgan,Mazeikiai,Taphan Hin
720,Werasari,Bacheng,Shaffa,Tengqiao,Būrewāla,Pinhal da Marquesa,Pontevedra,Castanheira de Pêra,Alue Glumpang,Leran
721,Sines,Couto,Rozkishne,Sokoto,Nakkila,Emiliano Zapata,Zhutian,La Paz,Épinal,Yangqiao
722,Jiancheng,Cabaiguán,Centenary,Bilopillya,Umbultanjung,Piraquara,Koronowo,Chinchero,Ban Kruat,Gelan
723,Chenchang,Al Ḩusayn,Waihi,Mananara,Mataguži,Jūrīsh,Trzciana,Zborište,Fucheng,Alvito
724,Belas,Aksha,Xiangyanglu,Łaskarzew,Salyan,Kurashiki,Bridgetown,Jerusalem,Calde,Riangbaring
725,Liuji,Sancang,Zhanghua,Jakobstad,Zepita,Minakuchi,Chiang Rai,Nagahama,Brooklyn,Changting
726,Daraitan,Magatos,Крива Паланка,Ladário,Veiros,Hödrögö,Salvacion,Puerto Princesa,Balibago,Salamanca
727,Tomari,Świdnica,Guohuan,Guadalupe,Eišiškės,Gorang,Uvarovka,Sizhou,Głuchów,Kolwezi
728,Qorao’zak,Hankasalmi,Longmen,Ciengang,Gongxi,Karanganyar,Puerto Plata,Sumoto,Bobigny,Bezenchuk
729,Austin,Pho Duc,Viçosa do Ceará,Inčukalns,Ciwidara,Qingshui,Áno Kastrítsion,Candelaria,Campoalegre,Badīn
730,Teminabuan,Santana do Livramento,Ulyanovsk,Velyka Pysarivka,Catalina,Blagoveshchensk,Marignane,Tayāsīr,La Chapelle-sur-Erdre,Sumberpandan
731,Melaka,Lianjiangkou,Fatufaun,Putun,Preobrazheniye,Losino-Petrovskiy,Djibo,Pucyura,Goris,Ziliang
732,Cachoeiras de Macacu,Zhaocun,Xiakouyi,Habana del Este,Mbaïki,Vilnius,Viraco,Västra Frölunda,Tena,Gapyeong
733,Nelidovo,Danauparis,Perpignan,Yidu,Zhambyl,Verkhniy Rohachyk,Nakhon Nayok,Hronov,Dame-Marie,Santander
734,Yershov,Dukuhpicung,Dasha,Mkiriwadjumoi,Pasadena,Mae Lan,Moravská Nová Ves,Taremskoye,Lakkha Nëvre,Shināş
735,Chortkiv,Maputsoe,Vindeln,Jadho,Wenbi,Tha Bo,Cileueur,Kangasala,Brest,Umburarameha
736,Qusar,Cintra,Kristiansund N,Gangbian,Xujiadian,Den Haag,Nanuque,Klwów,Kurów,Iset’
737,Timur,Honglu,Cruz Alta,Loma Alta,Infantas,Karangasem,Prabuty,Banjar Teguan,Xiaohekou,Guanli
738,Tanahbeureum,Hanyuan,Przyborów,Melíki,Iúna,La Victoria,Maindang,Ronda,Żarów,Maodian
739,Rîşcani,Zhongling,Trollhättan,Limoeiro do Norte,Hongmei,Pipa,Tầm Vu,Nevel’sk,Alagoinhas,Uji
740,Sobotín,Faro,Lhakangtang,Dublje,Tajike’abati,Abū Ghaush,Finspång,Guli,Cincinnati,Mountain View
741,Lobuni,Tofa,Saint-Maixent-l'École,Pandansari,Renhe,Emiliano Zapata,Labin,La Rochelle,Bayan Huxu,Monte Leite
742,Coronel Belisle,Donghe,Qinā,Xiaojiang,Dokuchayevs’k,Acaraú,Panamá,Newark,Chubek,Nanterre
743,Karlskoga,Laibin,Shiḩan as Suflá,Banjarwaru,Anao,Fangxian,Jacksonville,Agnibilékrou,Guanqian,Proástion
744,Oropesa,Taojiahe,Gaotian,Campo Alegre,Pendembu,At Taḩālif,Bilice,Los Pinos,Suicheng,Boyany
745,El Copé,Concordia,Kopang Satu,Boende,Ipatinga,Chai Nat,Profítis Ilías,Santa Luċija,Liuji,Hisya
746,Pruszcz,Kure,Rosmalen,Kunheda Woerzu Manzu,Kafr Qūd,Kurume,Gubengairlangga,San Antonio,Diaoluoshan,Kesamben
747,Xianyi,Palkovice,Pamplona,Riangblolong,Ritchie,Takikawa,Kiruna,Shido,Naga,Khairpur
748,Pingyang,Sempu,Cayungnan,Dezhou,Bardalah,Naranjos,São João dos Patos,Wielgie,Santo Tomé,Hou’an
749,Ruda-Huta,Haiphong,Kanthararom,Allada,Stavyshche,Cobh,Örgön,Taverny,Apartadó,Богданци
750,Falënki,Bilshivtsi,Taber,Tarqūmyā,Socorro,Opaka,San Vicente Pacaya,Petushki,Gjoa Haven,Paris 19
751,Kasina Wielka,Berlin,Sidomulyo,Cilongkrangpusaka,Beishan,Cube,Beringin,Saint-Quentin-en-Yvelines,Banxi,Youwei
752,Fulu,Sandao,Baborów,Baranusa,Aḑ Ḑil‘,Krupanj,Zolotonosha,Banjar Gunungpande,Xinji,Washington
753,Arrah,Tríkala,Castañas,Guadalupe,Tianfen,São Roque,Wojsławice,Waishan,Shaffa,Tamiso
754,Vrbice,Pamatang,Raoyang,Sempu,Luče,Al Jarādīyah,A Yun Pa,Balma,Sungi Liput,Magomeni
755,Jinjia,Pionerskiy,Jiexiu,Nioki,Araguaiana,Waitara,Maliiha,Türkmenabat,Songkeng,Charlotte
756,Pandat,Makarska,Pomichna,Mitzpe Ramon,Ocho Rios,Ţubarjal,Novo Cruzeiro,Dukuhpicung,Bambakashat,Bouaflé
757,Parintins,Lille,Hutou,Solna,Jenamas,Fangfan,Delod Pangkung,Mendoza,Soio,Zhaogezhuang
758,Beixin,Kompaniyivka,Ust’-Labinsk,Masty,Zhendeqiao,Taen Tengah,Tokuyama,Talshand,Xiugu,Asaita
759,Bằng Lũng,Kenamoen,Zyukayka,Beisijiazi,Kunsan,San Francisco,Mitú,Orsay,Huangtian,Papetoai
760,Longping,Bhamdoun,Khartsyz’k,Puncakwangi,Kolindrós,Bastia,Tignapalan,Sémé,Oskarshamn,Sbikha
761,Seroa,Kotabaru,Campo de la Cruz,Waco,Boavista,Ulyanovsk,Port-de-Bouc,Medang,Bualan,Timbulsari
762,Kamionka,Det Udom,Mat-i,Tulcán,Buzen,North Perth,Condado,Krasnyye Chetai,Pogranichnyy,Venustiano Carranza
763,Saint Ann’s Bay,Krasnogvardeyets,Báguanos,Kham Sakae Saeng,Bancar,Bīrganj,Suodenniemi,Cikondang,Dunmanway,Ribeirão Pires
764,Matanzas,Shiraz,Rive-de-Gier,Luhans’ke,Szczawno-Zdrój,Guantun,Xinshi,Qiaobian,Sandefjord,Buenos Aires
765,Halton,Rassvet,Staryy Urukh,Hamburg Sankt Pauli,Buenos Aires,Eišiškės,Ratchathewi,Yoiqag,Ituverava,Kalimeneng
766,Bertoua,Fengcheng,Margamukti,Panji,Orléans,Nandong,Clamart,Cerinza,Bugo,Novyye Gorki
767,Syracuse,Vénissieux,Akonolinga,Pushkino,Sabunçu,Katrineholm,Phuthaditjhaba,Guandu,Dorp Tera Kora,Stuttgart
768,Changliang,Tielong,Bangjun,Caldas,Nueva Gorgona,Nam Khun,Flandes,Panglanjan,Shuitian,El Quiteño
769,Mtwango,Liaoyang,Cañada de Gómez,Bratislava,Visby,Konongo,Santo Adrião Vizela,Caotang,Briey,Thạnh Phú
770,Neuzina,Basail,Kwangju,Las Palmas,Legionowo,Monastir,Jakubów,Wencheng,Piojó,Dolgoprudnyy
771,Ferraz de Vasconcelos,Richmond,Göteborg,Debark’,Iida,Adiwerna,Lolotique,Hekou,Piraju,Pailin
772,Hamburg,Lanlongkou,La Unión,Dzhubga,Shypyntsi,La Ravoire,Syracuse,Klyuchevskiy,Tsimlyansk,Jasugih Selatan
773,Chenxikou,Destrnik,Austin,Nanshan,Chengxi,Saint-Avertin,Nanhai,Koppies,Lere,Sa Pá
774,Staryy Oskol,Clermont-Ferrand,Datong,Ribeirão Preto,Sukarame,Nizami,Mevo horon,Anping,Pyetrykaw,Skwierzyna
775,Cibitung,Aleksinac,Watulimo,Caringin,Santo Tomas,Mandaue City,Moutfort,Pesochnoye,Stockholm,El Hamma
776,Nakhon Nayok,Bjärred,Ankazondandy,Ribeira Seca,Tønsberg,Rudka,Velké Karlovice,Boli,Liucheng,Kedungtuban
777,Pushkino,Mozhaysk,Citangtu Kaler,La Gi,Pervoavgustovskiy,Pinillos,Vancouver,Youdunjie,Göteborg,Chã Grande
778,Morales,Jacaltenango,Rîbniţa,Belén de Umbría,Shilong,Marsada,Bulog,Dhībīn,Kolodeznyy,Maceda
779,Al Wardānīn,Sernovodsk,Torres,Sindangheula,Žlutice,Singgit,Ergates,Zhoujiang,Reno,Huzhou
780,Potou,Chugay,Zharkent,Bartniczka,Täby,Gibara,Lagny-sur-Marne,Paraparaumu,Ndendé,Babakanjaya
781,Telêmaco Borba,Néa Ankhíalos,Bemposta,Marína,Yongning,Molsheim,Bal’shavik,Lyeskawka,Zboriv,Udachny
782,Skogås,Petit Raffray,Чегране,Náchod,Beberibe,Savannah,Punta de Piedra,Sélestat,Quảng Yên,Xijiao
783,Heshi,Delareyville,La Mula,Petrovo-Dal’neye,Matou,Herong,Lincuo,Dadu,Albion,Tongshan
784,Sandouping,Urasqui,Zhangbang,Lugait,Castleblayney,Singkir,Kaeng Khro,Vrsi,Xianhe,Essen
785,Itaperuna,Chadan,Matiao,Olbramovice,Silveiros,Martyush,Tuqiao,Raksajaya,Camilaca,Sukpak
786,Psary,Zaandam,Xinxu,Dougang,Santo Antônio de Pádua,Embalse,Jieshipu,Le Havre,Monção,Benito Juarez
787,Miguel Hidalgo,Marogong,Strabychovo,Mjölby,Wujing,Huasta,Liloan,Nijmegen,Wudian,Novyy Uoyan
788,Marondera,Nanganumba,Lutomiersk,Río Grande,Kangdong-ŭp,Espírito Santo do Pinhal,Dobryatino,Montor Timur,Qingtong,Juzhen
789,Taguisa,Mangarine,Jiangkou,Cumming,Mesopotam,Zmiennica,Idenao,Cabaritan East,Beisijiazi,Jaciara
790,Inanwatan,Santo Amador,Bokoro,Dundbürd,Santa Cruz,Nazrēt,Paris 17,Xiji,Mberubu,Dalumangcob
791,Bondoukou,Omboué,Fengmen,Colonia Catuete,Xiaojinkou,Dzüünkharaa,Santiago de Baney,Villa Carlos Paz,Tawangrejo,Daping
792,Smederevska Palanka,Gaspra,Simo Satu,Falun,Mbaïki,Xiaowuzhan,Poitiers,Jam,San Lorenzo,Galubakul
793,Varaždin,San Francisco,Golčův Jeníkov,Tomakomai,Tanjungbalai,Truskavets,Taluncemara,Varoška Rijeka,Portela,Shibīn al Qanāţir
794,Jiangshan,Hexi,Chimichagua,San Kamphaeng,Baie-Saint-Paul,Buyant,Janja,Jenamas,Guangyubao,Chelles
795,Sidu,Sidem,Jayanca,Kadengan,Zarzis,Posse,Dobropillya,Bhamdoûn el Mhatta,Sơn Tịnh,‘Eilabun
796,Bandung,Prachatice,San Vicente,Krajanpagowan,Sovetskiy,Mufushan,Harembo,Hengelo,Donji Vakuf,Zhongcheng
797,Tanagara,Bazzāryah,Delta del Tigre,Tetandara,Burunday,Bålsta,Kabalo,Skanör,Saint Catherine,Libertad
798,Aleksandrów,Meiyuan,Krajan,Terra Chã,Visby,Velikiy Novgorod,Arzila,Szczytno,Pasirmalang,Sendangwaru
799,Dĩ An,Cabeço de Vide,Mainit,Mampong,Cayenne,Västerås,Manding,Hacienda La Calera,Huaminglou,Warungtanjung
800,Lawa-an,Pasaje,Dadap,Jujur,Yanmenkou,Rettikhovka,Bugana,Zhenjiang,Moundou,Edinburgh
801,Toulouse,Vale de Santarém,Wudui,San Pablo,Gouveia,Kesabpur,Sofádes,Wangchang,Gouménissa,Sukorejo
802,Caibiran,Nizhniy Dzhengutay,Nanshe,Urazovo,Mỹ Xuyên,Pasauran,Zhonghuopu,Kvasice,Santa Monica,Hong Kong
803,Muxagata,Daqian,Lumbayan,Lobamba,Kolaka,Barapas,Kurlovo,Jastrzębia,Donghuang,Trondheim
804,Boca Raton,Łobżenica,Rawa Satu,Baykonyr,Miasskoye,Zilupe,Książki,Shiqiao,Oklahoma City,Pereleshino
805,San José de Feliciano,Changtan,Załuski,Xiaoxiang,Badagry,Jaro,Tarvasjoki,Monino,Yong’an,Jawand
806,Courtaboeuf,Okazaki,Esquipulas,Ziketan,Palmira,Lingmen,Priekulė,Ołpiny,Tandag,Perm
807,Janikowo,Lombog,Železniki,Palpalá,Xiaruyue,Vila Chã,Boguchwała,Tayabo,Pittsburgh,Bolboc
808,Rudnyy,Tigpalay,Abeokuta,Martanesh,Radenković,Kowŏn-ŭp,Perth,Milići,Cachoeiras de Macacu,København
809,Curitiba,Puwa,Finzes,Kemijärvi,Bieliny,Petrivka,Huangli,Libertad,Ngembul,Naikolan
810,Boju,Лабуништа,Houston,Tintina,Issa,Corrego Grande,Indianapolis,Kujang-ŭp,Calle Blancos,Shōbu
811,Nabeul,Chikola,Real,Ferme-Neuve,Dongkeng,Dongdu,Kakamigahara,Quaraí,San Francisco,Guaynabo
812,Mari,Pančevo,Sollefteå,Malummaduri,Velké Svatoňovice,Zelenograd,Danyang,Chachagüí,Sinop,Finote Selam
813,Asmara,Baltimore,Älvsjö,Sida,São Paio Merelim,Skuratovskiy,Loay,Santa Ana,Marseille,Jāwā
814,Dłutów,Vacenovice,Jangheung,Kalampáka,Lizhuang,Oxelösund,Portalegre,Beo,Skövde,General Alvear
815,Casal,Manicahan,Herrljunga,Trondheim,Vegreville,North Cowichan,Bukal,Binangun,Oetuke,Mezhdurechensk
816,Bacelo,Dusun Tengah Cihaurbeuti,Khodzhi-Gasan,Rostov-na-Donu,Krebetkrajan,Huancheng,Nikita,João Pinheiro,Stavanger,Benešov nad Ploučnicí
817,Ilha Solteira,Kālīganj,Krian,Hengli,Salt Lake City,Al Khamīs,Buensuseso,San Gregorio,La Guama,Perm
818,Belén,Yangshan,Santos Evos,Kuluran,Jatirogo,Tongliao,Sevilla,Hošťka,Nyrkiv,Beranci
819,Miguel Hidalgo,Novogireyevo,Jingyang,Ängelholm,Rudka,Gaojian,Ballybofey,Gryaznovskoye,Choujiang,Invercargill
820,Coaldale,Pogranichnyy,Yashalta,Jialai,Blatnica,Maulawin,Singojuruh,Yahotyn,Farīmān,Ziroudani
821,Puncakbaru,Shawnee Mission,Talagante,Liangyaping,Cantao-an,Kasukabe,Luoshe,Qīr Moāv,Głuchołazy,Dongluqiao
822,Malanów,Erími,Araripina,Ipoti,Wengtian,Calibungan,São Bartolomeu,Barqueiro,Cikuda,El Retén
823,Concepción,København,Sumbe,Kokkini Trimithia,Kumbo,Saihan Tal,Panitian,Xinkaikou,Lodan Wetan,Yangping
824,Stockholm,Náklo,Zielonki,Hekou,Dalakovo,Velká Dobrá,Paita,Shah Alam,Ylöjärvi,Vienne
825,Čeladná,Laoqiao,Molodohvardiys’k,Zaječí,Turbaco,Petaling Jaya,Hecun,Tapiramutá,Lhari,Sūrīān
826,Washington,Xiaohe,Agnibilékrou,Zhoutian,Manisi,Calceta,Carcassonne,Sarany,Dobříš,Thị Trấn Quan Hóa
827,Jinan,Zhantang,Turki,Paços de Ferreira,Koga,Guacamaya,Guishan,Fort Worth,Kakogawachō-honmachi,Alajuela
828,Gunung,Valašská Bystřice,Armação de Búzios,Sandovo,Meylan,Přibyslav,Tvŭrditsa,Bagjasari,Rokycany,Salfīt
829,Pasirreungit,Ngetkib,Boka,Gagnoa,Sanchahe,Mogocha,El Paso,Ulaan Khat,Guanyao,Nangakeo
830,Chýnov,Nikolayevsk,Metapán,Shuangqiao,Kiryū,Baunu-Timbangan,Los Pinos,Ngondokandawu,Mogi Mirim,Churubamba
831,Erétria,Puttalam,Lutou,Sil-li,Solingen,Kaduy,Xintaimen,Cagwait,Cukalat,Sayansk
832,Alkmaar,Djibo,Bajing,Mafeng,Concepción Tutuapa,Benito Juarez,Shijiao,Tsaghkaber,Kristiansand S,Radziszów
833,Zhongxi,Poggio di Chiesanuova,Tarkwa,Staré Hradiště,Limache,Sens,Agrela,Seymchan,Villavicencio,Bohus
834,Göteborg,Ţāqchah Khānah,Fovissste,Palangan,Caocun,Kaeng Khoi,Rive-de-Gier,Agalteca,Koni-Djodjo,Dalong
835,Al Bāriqīyah,Lengkeng,Jinchuan,Manzurka,Wārāh,Jaguaquara,Boucinha,Walferdange,Leuwihalang,Chaodi
836,Zgurovka,Nanfeng,Ceibas,Kainantu,Tiraspol,Shangshuai,Hanjiashu,Babakantugu,Saverne,Yelenendorf
837,Videm pri Ptuju,Daiyue,Temirtau,Rawaglagah,Nijmegen,Dashkawka,Aracruz,Rashaant,Pantian,Xujia
838,Yarīm,Ambatondrazaka,Mengxi,Muldersdriseloop,Tagbina,Pampas,Niš,Spas-Zaulok,Kozel’shchyna,Varėna
839,Auas,Kadugannawa,Randfontein,Banawang,Zongluzui,Morong,Huaping,Cabanbanan,Dŭstí,Claremorris
840,Madrid,Zafarwāl,Lyubar,Zhulan,Ébolowa,Richmond,Danyang,Rauna,Zwedru,Conception Bay South
841,Kolokani,Bungkal,Talok,Yunzhong,Oslo,Thị Trấn Thanh Lưu,Muarapinang,Umeå,Tabou,Limonade
842,Yunji,Paraty,Chōfugaoka,Sanxi,Tours,San Antonio Suchitepéquez,Cigembong,Citeureup,Zebrzydowice,Serrana
843,Dzel,Cijoho,Ambanja,Rossosh’,Salamanca,Danao,Taibai,Pingqiao,Yāsūf,Chichigalpa
844,Palca,Sotouboua,Ban Talat Bueng,Kozhevnikovo,Bator,Las Heras,Honglai,Valle Grande,Świecie nad Osą,Şalākhid
845,Longyuanba,Phayakkhaphum Phisai,Oliveira,Tras Cerros,Uvira,Rasskazovo,Tajinan,Sungsang,Visconde do Rio Branco,Murree
846,Klimontów,Blackfalds,Korkino,Cornillon,Marieville,Örebro,Āshkhāneh,Makedonski Brod,Periyiáli,Přimda
847,Kojagete,Arendal,Chengnan,Laocheng,Klole,Wąbrzeźno,Spanish Town,Foz do Arelho,Koski Tl,Cereté
848,Banjar Taro Kelod,Margahayukencana,Duba-Yurt,Nong Yasai,Höllviken,Liuji,Ziftá,Selaphum,Kousséri,Haoxinying
849,San Clemente,Formiga,Bianzhuang,Chłapowo,Delvinë,Sotomayor,Ban Dan,Lunyuk Ode,Jenang Selatan,Madīnat ‘Īsá
850,Fengshan,Qingfeng,Strunino,Puyehue,Marang,Al Bawīţī,Ketawang,Mokronog,Santa Maria,Mmathubudukwane
851,Tangba,Sai’erlong Xiang,Usulután,Gualán,Butel,Seremban,Loughrea,Tandag,Býšť,Heba
852,Kalahang,Sơn Trà,Cagliari,Xinhua,Osiek,Delta del Tigre,Itoigawa,Agrelo,Mocun,Curug
853,Valdivia,Huasahuasi,Maoshan,Jacinto Arauz,Cavan,São Miguel do Araguaia,Drahovo,Itaperuna,Fria,Ourentã
854,Halmstad,Oshawa,Formosa,Otutara,Medellín,Dofa,Kushiro,Providence,Puan Selatan,Starokucherganovka
855,Lagoa do Itaenga,Charlestown,Mandalgovi,Lousa,Eg,Cap Malheureux,Chelgard,Tandag,Chengjiang,Longquan
856,Shiree,Ndwedwe,Las Animas,Djibo,Mestre,Arosbaya,Stockholm,Baltimore,Saint Louis,Manturovo
857,Tekikbanyuurip,Linjiang,Nkoteng,Ji Paraná,Aranas Sur,Pung-Pang,Pereira,Xiheshan,Alenquer,Podstepki
858,Talun,Laval,Sukowiryo,Langnga,Valuyki,Mobile,Arendal,Quỳ Châu,Baiguo,Tosontsengel
859,Guazapa,Kórnik,Abangay,Mranggen,Temandangjero,Tomelilla,Nueva Italia,Qohord-e Bālā,Thị Trấn Yên Châu,Chornukhy
860,Almafuerte,Taihu,Zlonice,Goz Béïda,Lakha Nëvre,Wróblew,Tyler,Yashalta,Issoudun,Gakem
861,Nancy,Siuna,Jojoima,Lagoa,Ban Mai,Bukal,Naj‘ Ḩammādī,Zhongtong,Haquira,Lukavec
862,Bremen,Kónitsa,Parry Sound,Huangpu,Kalengwa,Heilangkou,Requião,El Doncello,Chadiza,Cercal
863,Huangpo,Huxi,Lajeado,Honglin,El Cacao,Bulusari,Shunhe,Khvorostyanka,El Retiro,Zhushan
864,Mārupe,Emiliano Zapata,Valašská Polanka,Cantuk Kidul,Ciladaeun,Rubiataba,Wakefield,Yashao,Murça,Zhoukou
865,Jiangkou,Rivne,Duitama,Himeji,Ribeiro,New York City,Ma‘dān,Casais de Revelhos,Banjar Dauhpura,Jardim do Seridó
866,Rennes,Bolderaja,Taraju,Datong,Sutton,Uusikaupunki,Äänekoski,Guapi,Shangzhuang,Nýdek
867,Votkinsk,Urambo,Zaragoza,Dahu,Huoxian,Campos Belos,Dolores,Novonikol’sk,Gvardeysk,Jixin
868,Taodian,Shenglilu,Gif-sur-Yvette,Kulutan,Macabugos,Pangatikan,Buga,Mosal’sk,Kaa-Khem,Barra de Carrasco
869,Sokolovyy,Medaya,Solok Timur,Pondoktelo,Biscucuy,Daxin,Kasulu,Candon,Loei,Pereiro
870,Doushan,Muara Dua,Pandan,Makiv,Abreu e Lima,Mosteirô,Nansha,Paulista,Lyudinovo,San Buenaventura
871,Ozëry,Karipidita,Sinubong,Tianzhuang,Valada,Tangjiapo,Angers,Tanqiao,Ćmielów,Louisville
872,Boston,Puttalam,Saurama,Hongjiang,Liaodian,Lancaster,Piancheng,As Sayyānī,Steinsel,Qingshui
873,Sampangan,Seredyna-Buda,Jermuk,Zhouzhuang,Krajanpagowan,Kota Bharu,Darłowo,Peace River,Salima,Bobonan
874,Toshkivka,Leeuwarden,Lingxi,San Pedro,Lyon,Ripky,Xinji,Babana,Episkopí,Tipaz
875,Rivas,Dagou,Renfrew,Laranjeiras do Sul,Vilque Chico,Kota Bharu,Baratleke,Sanhe,Maubasa,Kadubadak
876,Melíki,Masantol,Taishang,Virje,Xiasi,Néa Sánta,Świecie nad Osą,Roma,Livorno,Madamba
877,Ticaco,Mīzan Teferī,Chunhu,Hirakata,Baklashi,Apurawan,Angadanan,Yelets,Saint John,Jubb Ramlah
878,Tobias Barreto,Mainit,Bat Khela,Manique de Baixo,Kachkanar,Yanmenkou,Anaráchi,Ipoh,Wuyang,Shigu
879,Thívai,Vardane,Shimokizukuri,Baroh,Petrodvorets,Paokmotong Utara,Tibiri,Haokou,Xinghua,Skoútari
880,Springfield,Aguisan,Colombo,Casal do Relvas,Dian-ay,Gimcheon,Kurumoch,Sangiyn Dalay,Mahanoro,Piduhe
881,Camaligan,Aoji-ri,Leone,Tornio,Andekantor,Kwikila,Batusangkar,Khŭjand,Sanzao,Aglalana
882,Mekarsari,Harbin,Kalungu,Jiangwakou,La Concepcion,Itatskiy,Tando Muhammad Khān,Yinzhu,Kingston,Cayenne
883,Lezhë,Wonokerto,Ituiutaba,Nantang,Obong,Lukou,Tanbu,Liangshan,San Rafael Oriente,Changyi
884,Laborde,Bruxelles,Xiaoguan,Talospatang,Hake,Loen,Jagodina,Longwei,Gelap,Tijão
885,Delft,Ijūin,Citasuk,Bhamdoûn el Mhatta,Waiklibang,Santo André,Zhujiachang,Mendes,Valle San Francisco,Lillehammer
886,Anguil,Malaryta,Lexington,Siteía,Pražmo,Tongqing,Al Maţarīyah,Alaghsas,Sukonolo Krajan,Santa Monica
887,Yuncao,Saint John’s,Nhà Bè,Vilnius,Sundbyberg,Pailin,Sebulu,Jinshanwei,Qiaoxi,Yoiqag
888,Luofang,Marigot,Sutysky,Oslo,Shipunovo,Laholm,Staryy Krym,Dongqu,Chengyang,Balucuc
889,Al Farwānīyah,Wolomarang,Benito Juarez,Curuzú Cuatiá,Izobil’nyy,Neftegorsk,Słupsk,Villazón,Podolí,Zhantang
890,Petřvald,Karanglo,Trieste,Santa Clara,Takahashi,Nerekhta,Guzhen,Bileća,Ożarów,Dukuhmencek Lor
891,Serhetabat,Simpanganduwet,Xiaping,Skatepark,Matsumoto,Verbivka,Cumba,Yangjiaqiao,Longjumeau,San Roque
892,Shuangyuan,Malanay,Fengyang Fuchengzhen,Tourcoing,Bulri,Žulová,Berëzovskiy,Tamontaka,Penanggapan,Qinghua
893,Mojomulyokrajan,Jiangdong,Itaperuçu,Vogan,Zhendong,Chesapeake,Middelburg,Isawa,Iksha,Thị Trấn Cẩm Thủy
894,Villa General Belgrano,Yichun,Temenggungan,Paris 17,Tungoo,Nailong,Mīzan Teferī,Luleå,Almelo,Longquan
895,Velyka Bilozerka,Guyi,Labuhan,Hugang,El Cuy,Cikuda,Campo Grande,Pampa Hermosa,Damayan,Svobody
896,Minneapolis,Padre Bernardo,Czarnowąsy,Yelizavetinskoye,Shanggan,Ubatã,Wonorejo,Samoljica,Santander,Sundsvall
897,Presnenskiy,Malbug,Karma,Isiro,Bao’an,Solţānābād,Gaotuo,Oslo,Andrézieux-Bouthéon,Longhua
898,Charneca da Cotovia,Sumber,Dulag,Enzan,Nine,Ananea,Novogurovskiy,Sidoaji,San Antonio Ilotenango,Oslo
899,Tilang,Holma,Vetlanda,Niihama,Migues,Padangcermin,Handan,Zoumaling,Headlands,Bulu
900,Silca,Lajeosa do Mondego,Vanadzor,Batou,Rawa,Lokoja,Outeiro,Cholargós,Loandjili,Gingsir
901,Ropice,Tunis,Freire,Cidadap,Zhiqing Songduo,Bartolomé Masó,Centre de Flacq,Pamotan,Pyšely,Tetyushi
902,Camiling,Bell Ville,Skórzec,Zea,Cibinong,Koua,Kuching,Santa Elena,Narol,Grahamstown
903,Liwu,Maslovka,Sędziszów,Vigo,Älvdalen,Tianhe,Krajan Winong,Trindade,Jammā‘īn,Anápolis
904,Yinkeng,Limoeiro de Anadia,Corujeira,Donglai,Ilaya,Zhangaqorghan,Shimada,Farafenni,Orita Eruwa,Huandiqiao
905,Indianapolis,Zhishan,"Las Vegas, Santa Barbara",Da’ao,Irvine,Uritsk,Matagbak,Ķegums,Helmas,Saint-Paul
906,Buritizeiro,Inabaan Sur,Laidian,Circasia,Fāqūs,Casalinho,Raga,Sé,Zainsk,Albi
907,Boguchar,Sabaneta,Caen,Baraya,Yingdianjie,Pueblo Nuevo,Lomba do Loução,Itoigawa,Vårgårda,Eirol
908,Ängelholm,Pulilan,Tiro,Gabao,Nouaseur,Lelydorp,Yalagüina,Cullinan,Qiangqinxue,Krasnomayskiy
909,Junshan,Muzhijie,Tanjung Timur,Bifeng,Horka nad Moravou,Parigi,Mahendranagar,Mansa,Laguna Paiva,Shiyaogou
910,Kampong Thom,Palpalá,Ýdra,Langchi,Liuzu,Casillas,Gornji Breg,Palpalá,Auch,Matam
911,Chichinales,Diaoluoshan,Anzihao,Babantar,Qianwei,Fuzhai,San Antonio,Olsztyn,Wanasari Baleran,Ikang
912,Moreira de Geraz do Lima,Datagon,Buenaventura,Abuko,Claye-Souilly,Camarate,Beizhouzi,Girona,Balatero,Bueng Kan
913,Magallanes,Chur,Tofol,Yushang,Beiguoyuan,San Andres,Bahay Pare,Beauceville,Ayaviri,Longlou
914,Zhoutian,Ke’erlun,Wuppertal,Pļaviņas,Kopong,Sochi,Orange Walk,El Arañado,Atalhada,Kaduranca
915,Ust-Maya,Oklahoma City,Kubangkondang,El Quetzal,Lubuagan,Tōkamachi,Azacualpa,Varva,Akhtopol,Karantaba
916,Jianguo,Sławatycze,Dongshi,Longaví,Daying,Rakitovo,Stockholm,Puerto Natales,Amahusu,Chengshan
917,Tmourghout,Qianjin,Villa Carlos Paz,Citasuk,Temirtau,Gulong,Moss,Smętowo Graniczne,Phùng,Oltintopkan
918,Al Minyā,Hedi,Katima Mulilo,Huji,Mâcon,Cipesing,Catamayo,Narvacan,Telde,Rodas
919,Paranaíba,Bambuí,Rio Bonito,Montecarlo,Charlotte Amalie,Cuauhtemoc,Jiakexi,Xipingle,Nongba,Pedrulheira
920,Lingyuan,Proletar,Yuwan,Solkan,Koilás,Castanhal,Koffiefontein,Curuzú Cuatiá,Saint-Pierre,Heku
921,Tando Jām,Tianzhen,Yanglin,Hengqu,Assiniboia,Sanxixiang,Nielisz,Ostrožská Nová Ves,Xiaomian,Krajan Kedungsalam
922,Zhitan,Karlstad,Perpignan,Svirsk,Lipahan,Xinyang,Paujiles,Severodvinsk,Labansari,Volodymyrets’
923,Sanhe,Kittilä,Oslo,Ochobo,Oborniki Śląskie,Katy,Matang,Xing’an,Honjō,Mabu
924,Caihua,Suntar,Nahāvand,Dobdoban,Stavyshche,Purranque,Banjar Bau Kawan,Majengo,Pasirsongket Dua,Tynne
925,Bagombong,Susaki,Khān Neshīn,Carolina,Rossosh’,Mainang,Maras,Gornje Moštre,Kasba Tadla,Biao
926,Butwāl,Izborsk,Shimen,Zalţan,Castanheira do Campo,Pakusari,Kalamangog,Oslo,Las Palmas,Mohelnice
927,La Rochelle,Tutul,Sosnovka,Jiangdulu,La Tour-du-Pin,Parung,Bělá pod Bezdězem,Qal‘at al Andalus,San Miguel,Bizerte
928,Onguday,Ketapang,Jelisavac,Caen,San Pablo,Barguzin,Karangasem Laok,Neftçala,Kalkal Barat,Bin Yauri
929,Anhua,Muurame,San José,Mannheim,Ubiaja,Gaoping,Paris 19,Atyrau,Velykyi Bereznyi,Balud
930,Milíkov,Augusta,Chesapeake,Bahía Blanca,Dake,Pyongyang,Gentilly,Glempang Tengah,Padangguci,Mengeš
931,Nampula,Atocha,Ilhabela,Kax,Lápas,Silago,Qiaochong,Xiaohebian,Szynwałd,Pijao
932,Junín,Jingxin,Jijiang,Dapchi,Itaporanga,Byera Village,Uddevalla,Östersund,Daping,Pancanagara
933,Minglanilla,Kurayyimah,Bordeaux,San Narciso,Menongue,Jieting,Bebedahan,Begowāla,Nīkshahr,Dzerzhinsk
934,La Cruz,Balakasap,Bagacay,Bosobolo,Lais,Longhua,San José de Ocoa,Catolé do Rocha,Bambor,Czerwieńsk
935,Boljevac,Jefferson City,Yangzhuang,Veracruz,Severnyy,Kut Bak,Maao,Ängelholm,Kryvyy Rih,Xincheng
936,Jakhaly,Qihama,Tarasovskiy,Ōmiya,Cijengkol,Xishui,San Jose,Liuzhou,Encruzilhada do Sul,Krojo
937,Wonokromo,Concepcion,Bắc Ninh,Guaíba,Almaguer,Saint Petersburg,Trzebinia,São Francisco,Libei,Mopti
938,Zaolin,San Nicolás,Mbumi,Przyborów,Goubétto,Krajan Kidul Rojopolo,Koungheul,Rathwire,Guxi,Banjar Petak
939,Kruševac,Emiliano Zapata,Santa María Chiquimula,Sidomakmur,Montélimar,Penha,Goubangzi,Janowice,Brckovljani,Agana Heights Village
940,Oltintopkan,Basqal,Kizema,Quế Sơn,Bintawan,Kampot,Phong Điền,Sorang,Mamali,Garoua
941,Rouen,Hitoyoshi,Sa’erhusong,Eskilstuna,Caldas,Lidingö,Pinheiro,Aleg,Jingdu,Vođinci
942,Ouagadougou,Dordrecht,Moholm,Nentón,Hvozdná,Montreuil,Łubowo,Nanmu,Marston,Dongming
943,Bonpland,Triwil,Vendargues,Savannakhét,Nishi-Tokyo-shi,Wasior,Pocrí,Henggang,Quezon,Matsushima
944,Sydney,Gävle,Acacías,Meixian,Braunschweig,Ferreira do Zêzere,Tengah,Stefanavíkion,Mar’’ina Horka,Jingzhou
945,Awayan,Maastricht,Cabatuan,Gondang,Mapulo,Kanggye-si,Piła,Tunggar,Vito,Akouda
946,Dalam,Matagalpa,Armash,Guia,Santiago del Torno,Xiaoyi,Guangfu,Krajan Pundungsari,Namie,Predavac
947,Baiyang,Orléans,Capacmarca,Caraguatatuba,Pasarkayu,Dístomo,Napoli,Fanzeres,Magalalag,Dongpu
948,Makoba,Cascavel,San Vicente,Tawen Aobao,El Paraíso,Zama,Lansing,Lenchwe Le Tau,Libertad,Askainen
949,Fangshan,San Miguel de Cauri,Sassandra,Concepción de Ataco,Jintang,Cupira,San Diego,Panikihan,Saint-Louis du Nord,Las Palmas
950,Takanabe,Tekstil’shchiki,Gudong,Tibiri,Dambořice,Grodków,Taoyao,Psygansu,Vetlanda,Cimo de Vila
951,Tunjë,Shankeng,Muang Sing,Marija Bistrica,Yélimané,Jinsha,Dongchong,Al Jīzah,Mosquée,Ōtsu-shi
952,Ko Chan,Arevshat,Daduchuan,Beloyarskiy,Gómfoi,Huatan,Jing’an,Al Mālikīyah,Gobang,Gbawe
953,Saarbrücken,Gongdanglegi Kulon,Ituberá,Madrid,Toksovo,Santa Rita,Duobaoshan,Taunggyi,Zavet,Longyuanba
954,Amsterdam Noord west,Kadudampit,Portland,Louisville,Shuozhou,Namerikawa,Sarkanjut,Sanshengyuan,Sigayevo,Videira
955,Issoire,Englewood,Chengxi,Pesek,San Roque,Massakory,San Pedro de Lloc,Florencia,Banī Khallād,Ordos
956,Taoling,Chafé,Seria,Chinchiná,Xingguo,Xinhuang,El Ingenio,Bergen,Thị Trấn Mường Lát,Dorp Antriol
957,Nirgua,Sunzhuang,Balagon,Gastello,Vryburg,Buga,Santiago del Torno,Ningchegu,Galapa,Teseney
958,Hongshan,Nanxia,San Pedro,Paris 11,Nijemci,Nuasepu,Jorochito,Grand Bois,Sacramento,Marfino
959,Batelov,Zhongxin,Stanisław Dolny,Bromma,Atabayan,Sayaxché,Sukodono,Otrokovice,Calizo,Xue’an
960,Independencia,Thiers,Pappadátes,Jiazhuang,Nanhai,Środa Wielkopolska,Sepanjang,Denyshi,Las Yaras,Changsu
961,Zhenzhushan,Skanör,Outing,Qixingtai,Ngadri,Jinglongqiao,Pereslavl’-Zalesskiy,Karpushikha,Lebao,Bombu
962,Carvalhal da Aroeira,Vélo,Kubangeceng,Créteil,Lupane,Changyuan,Bi’r al Ḩufayy,Synevyr,Tolomango,Yanggu
963,Avignon,Šavnik,Arcena,Krolevets’,Macaé,Ambatondrazaka,Kasongo,Slobodka,Qianqiao,Dehui
964,Yasinya,Hejia,Danxia,Trindade,Kouzhen,Tovarkovskiy,Miandrarivo,Wakapuken,Karakulino,Cikawung
965,San Jose,New Brunswick,Landvetter,Dolní Libina,Chinchero,Isawa,Szczytno,Xilong,Fāraskūr,Tripoli
966,Haibara,Kesha,Quimbaya,Saint Augustine,Fada,Kwatarkwashi,Talā,Fort Worth,Brasília,Bastia
967,Bergville,Porto Salvo,Ourinhos,Höfn,Hushan,Chivhu,Biloxi,Segezha,Sonquil,Yên Bái
968,Wangkung,Suchen,Kastélli,Aikmel,Malanay,Santa Apolonia,Puncan,Loukísia,Ningshan Chengguanzhen,Kalebun
969,Ponyri Vtoryye,Roanoke,Kalýves Polygýrou,Lintan Chengguanzhen,Nangka,Shemursha,Itaúna,Matola,Bobowo,Ḩarf al Musaytirah
970,Lýkeio,Rennes,Bryukhovetskaya,Sarnów,Labansari,Baibu,Wewit,Tsagaanders,Oshnavīyeh,Preiļi
971,Diepsloot,Cheyenne,Tongzhong,Miskolc,Alamar,Weitang,Dembī Dolo,Oslo,Huanggang,Yunxian Chengguanzhen
972,Guantang,Hino,Kuching,Weizhou,Manchester,Dawei,Gaotaizi,Valinhos,Stockholm,Kota Kinabalu
973,Kulykiv,Sridadi,Zagazig,Port-de-Paix,Altenberg bei Linz,Mernek,Dijon,Rustāq,Asino,Huangwan
974,Kotadukuh,Huangjindong,Lameiras,Priargunsk,Midões,Mach,Takahata,Taveiro,Kulpin,Al Ḩawāmidīyah
975,Kými,Hanghuadian,Zhoujia,Ponte da Pedra,Peza e Madhe,Karangnongko,Apodi,Zhongshan,Kalāt-e Nāderī,Al Manshāh
976,Taokeng,Abricots,Shibīn al Kawm,Little Baguio,Brudzew,Al ‘Ayzarīyah,San Nicolás,Dankama,Dulangan,Citeguh
977,Norrköping,Metz,Uhlove,Loureiro,Paraíso,Barlinek,Tizgane,Monamon,San Carlos,Wenhe
978,Roioen,Czerwin,Los Rastrojos,Budënnovsk,Sinait,Matou,Bandar-e Torkaman,Qingzhou,Turus,Barra do Corda
979,Gines-Patay,Bradag,Cemplang,Sugihwaras,Damatulan,Błędów,Bāgh-e Malek,Wongaya Kaja,Nantes,Lao Suea Kok
980,San Antonio,Јегуновце,Panxi,Hongor,Allen,Barretos,Annecy,Iset’,Lgota Wielka,Cawayan
981,Feodosiya,Tangqian,Negreiros,Distracción,Pasararba,Sidareja,Santa Rosa de Copán,Brengkok,Lopez Jaena,Benito Juarez
982,Carigara,Villa Nueva,Daya,Ranisoba,Dayingjie,Rokem Barat,Działdowo,Eslāmābād,Det Udom,Ban Houakhoua
983,Złotniki,Yermish’,Mafa,Bourges,Edson,Hŭkkyo-ri,Ciputat,Kumla,Yanshi,Taizi
984,Bagombong,Coihaique,les Escaldes,Dian-ay,Engel’s,Beaumont,Makanya,Biltine,La Soledad,Sukogunungkrajan
985,Duszniki-Zdrój,San Patricio,Spartanburg,Thành Phố Lạng Sơn,Nagorsk,Tongbang,Kinloch,Saladas,Mahalapye,Karuk
986,Xianrendu,Kebonan,Jugantang,Toulouse,Stockholm,Chame,Lazaro Cardenas,Pule,Lugang,Bangbayang
987,Ngorongoro,Hostomice,Nouvelle France,Umm Sa‘īd,Boa Vista,Lingcheng,Bobigny,Vitry-sur-Seine,San Fernando,Chư Prông
988,Senador Pompeu,Urukh,Mudon,Diekirch,München,Tigpalay,Dikirnis,Gapan,Arivonimamo,Santo Estêvão
989,Soissons,Lindavista,Alfeizerão,Jirjā,Germiston,Pirapozinho,Kolbano,Novoukrayinka,Volgo-Kaspiyskiy,Heerlen
990,Giraldo,Kisumu,Luoshui,Jiufang,San Fernando,Lubochnia,Pangawaren,Novyye Cherëmushki,Dongchong,Voyskovitsy
991,Hanji,Lavras da Mangabeira,Shuanghekou,Delong,Burrel,Siyabuswa,Dayin,Isaka,Changshan,Hou’an
992,Labuan,Nanfeng,Mercedes,Baliuag Nuevo,Barbacena,Tōgane,Неготино,Soledad,Dahua,Malaga
993,Kangin,Itaboraí,Sucre,Wuxi,Libertador General San Martín,Plérin,Yablochnyy,Tournai,Otuzco,Daqingshan
994,Alca,Châteaudun,Timoulilt,Hovtamej,Chambly,Prao,Kanáli,Araxá,Rudong,Saint Louis
995,Paluan,Kalasin,Aurora,Campraksanta,Xinyang,Sanjiangkou,Tiguion,‘Awartā,Castlepollard,Niujiang
996,Semanding,Langford,Bombu,Naftalan,Kuangsan,Banjar Dukuh,Yakovlevo,Sawahbaru,Stěbořice,Maroanging
997,Tampa,Villa Regina,Sumberpinang Satu,Gaojiabu,Kristinehamn,Gongjiahe,Shuitou,Passal,Mohoro,Jalgung
998,Leśna Podlaska,Shajia’ao,Caibiran,Kanashevo,Pancheng,Yamango,Griboyedov,Patpata Segundo,Taipingxu,Vagney
999,Farīdpur,Muladbucad,Alaghsas,Anjepy,Ucuncha,Zielonka,Katumba,Villa General Belgrano,Pueblo Nuevo,Sydney Mines
1000,Sabae,Lyon,Bodø,Kachar,Luján de Cuyo,Tarangnan,Benghazi,Babakandesa,Mentougou,Kashar
